Azores_native_total;Azores_native_GenBank;Azores_native_BOLD;Azores_NIS_total;Azores_NIS_GenBank;Azores_NIS_BOLD
Abludomelita obtusata;Abludomelita obtusata;Abludomelita obtusata;Amathia gracilis;Amathia gracilis;Amphibalanus amphitrite
Abra alba;Abra alba;Abra alba;Amathia verticillata;Amathia verticillata;Amphibalanus eburneus
Acanella arbuscula;Acanella arbuscula;Acanella arbuscula;Amphibalanus amphitrite;Amphibalanus amphitrite;Amphibalanus improvisus
Acanthephyra eximia;Acanthephyra eximia;Acanthephyra eximia;Amphibalanus eburneus;Amphibalanus eburneus;Ascidia interrupta
Acanthephyra pelagica;Acanthephyra pelagica;Acanthephyra pelagica;Amphibalanus improvisus;Amphibalanus improvisus;Balanus trigonus
Acanthephyra purpurea;Acanthephyra purpurea;Acanthephyra purpurea;Aplus dorbignyi;Aplus dorbignyi;Botryllus schlosseri
Acanthogorgia armata;Acanthogorgia armata;Acanthonyx brevifrons;Ascidia interrupta;Ascidia interrupta;Bugula neritina
Acanthonyx brevifrons;Acanthonyx brevifrons;Acanthonyx lunulatus;Balanus trigonus;Balanus trigonus;Bugulina stolonifera
Acanthonyx lunulatus;Acanthonyx lunulatus;Acesta excavata;Botryllus schlosseri;Botryllus schlosseri;Caprella scaura
Acesta excavata;Acesta excavata;Actinia equina;Bugula neritina;Bugula neritina;Cinachyrella alloclada
Actinia equina;Actinia equina;Aeolidiella sanguinea;Bugulina simplex;Bugulina simplex;Ciona intestinalis
Aeolidiella sanguinea;Aeolidiella sanguinea;Aequipecten opercularis;Bugulina stolonifera;Bugulina stolonifera;Clavelina lepadiformis
Aequipecten opercularis;Aequipecten opercularis;Aglaophenia pluma;Caprella scaura;Caprella scaura;Clavelina oblonga
Aglaophenia pluma;Aglaophenia pluma;Aglaura hemistoma;Cinachyrella alloclada;Cinachyrella alloclada;Cystodytes dellechiajei
Aglaura hemistoma;Aglaura hemistoma;Aiptasia mutabilis;Ciona intestinalis;Ciona intestinalis;Ectopleura crocea
Aiptasia mutabilis;Aiptasia mutabilis;Akera bullata;Clavelina lepadiformis;Clavelina lepadiformis;Eudistoma angolanum
Akera bullata;Akera bullata;Alcyonium glomeratum;Clavelina oblonga;Clavelina oblonga;Hexaplex trunculus
Alcyonium glomeratum;Alpheus bouvieri;Alpheus bouvieri;Cystodytes dellechiajei;Cystodytes dellechiajei;Hiatella arctica
Alpheus bouvieri;Alpheus dentipes;Alpheus macrocheles;Ectopleura crocea;Ectopleura crocea;Hydroides elegans
Alpheus dentipes;Alpheus macrocheles;Alvania angioyi;Eudistoma angolanum;Eudistoma angolanum;Ligia oceanica
Alpheus macrocheles;Alpheus platydactylus;Alvania formicarum;Hexaplex trunculus;Hexaplex trunculus;Lyrodus pedicellatus
Alpheus platydactylus;Alvania angioyi;Alvania mediolittoralis;Hiatella arctica;Hiatella arctica;Maeotias marginata
Alvania angioyi;Alvania formicarum;Alvania sleursi;Hydroides elegans;Hydroides elegans;Microcosmus squamiger
Alvania formicarum;Alvania mediolittoralis;Amphilochus manudens;Ligia oceanica;Ligia oceanica;Mytilus edulis
Alvania mediolittoralis;Alvania sleursi;Amphiura chiajei;Lyrodus pedicellatus;Lyrodus pedicellatus;Ostrea edulis
Alvania sleursi;Amathia citrina;Ampithoe ramondi;Maeotias marginata;Maeotias marginata;Paracerceis sculpta
Amathia citrina;Amathia lendigera;Ampithoe rubricata;Microcosmus squamiger;Microcosmus squamiger;Percnon gibbesi
Amathia lendigera;Amphilochus manudens;Anapagurus chiroacanthus;Mytilus edulis;Mytilus edulis;Perforatus perforatus
Amphilochus manudens;Amphiura chiajei;Anapagurus laevis;Ostrea edulis;Ostrea edulis;Perophora viridis
Amphiura chiajei;Ampithoe ramondi;Anoplodactylus petiolatus;Paracerceis sculpta;Percnon gibbesi;Phorcus sauciatus
Ampithoe ramondi;Ampithoe rubricata;Anseropoda placenta;Percnon gibbesi;Perforatus perforatus;Ruditapes decussatus
Ampithoe rubricata;Ampullaceana balthica;Antedon bifida;Perforatus perforatus;Perophora viridis;Sabella spallanzanii
Ampullaceana balthica;Anapagurus chiroacanthus;Antennella secundaria;Perophora viridis;Phorcus sauciatus;Schizoporella errata
Anapagurus chiroacanthus;Anapagurus laevis;Anthura gracilis;Phorcus sauciatus;Ruditapes decussatus;Sphaeroma serratum
Anapagurus laevis;Anoplodactylus petiolatus;Aora gracilis;Ruditapes decussatus;Sabella spallanzanii;Styela clava
Anoplodactylus petiolatus;Anseropoda placenta;Aora spinicornis;Sabella spallanzanii;Schizoporella errata;Styela plicata
Anseropoda placenta;Antedon bifida;Aora typica;Schizoporella errata;Sphaeroma serratum;Tricellaria inopinata
Antedon bifida;Antennella ansini;Apherusa jurinei;Sphaeroma serratum;Styela clava;Truncatella subcylindrica
Antennella ansini;Antennella secundaria;Aplysia fasciata;Styela clava;Styela plicata;Tubularia indivisa
Antennella secundaria;Aora gracilis;Aplysia parvula;Styela plicata;Tricellaria inopinata;Virididentula dentata
Anthura gracilis;Aora typica;Aplysia punctata;Tricellaria inopinata;Truncatella subcylindrica;Watersipora subtorquata
Aora gracilis;Apherusa jurinei;Aplysina aerophoba;Truncatella subcylindrica;Tubularia indivisa;
Aora spinicornis;Aplysia fasciata;Apohyale perieri;Tubularia indivisa;Virididentula dentata;
Aora typica;Aplysia parvula;Apohyale stebbingi;Virididentula dentata;Watersipora subtorquata;
Apherusa jurinei;Aplysia punctata;Arbacia lixula;Watersipora subtorquata;Amathia gracilis;
Aplysia fasciata;Aplysina aerophoba;Arbaciella elegans;Amathia gracilis;Amathia verticillata;
Aplysia parvula;Arbacia lixula;Arca noae;Amathia verticillata;Amphibalanus amphitrite;
Aplysia punctata;Arca noae;Arca tetragona;Amphibalanus amphitrite;Amphibalanus eburneus;
Aplysina aerophoba;Arcoscalpellum michelottianum;Arcoscalpellum michelottianum;Amphibalanus eburneus;Balanus trigonus;
Apohyale perieri;Argonauta argo;Argonauta argo;Balanus trigonus;Botryllus schlosseri;
Apohyale stebbingi;Aristaeomorpha foliacea;Aristaeomorpha foliacea;Botryllus schlosseri;Bugula neritina;
Arbacia lixula;Aristeus antennatus;Aristaeopsis edwardsiana;Bugula neritina;Bugulina stolonifera;
Arbaciella elegans;Astacilla longicornis;Aristeus antennatus;Bugulina stolonifera;Caprella scaura;
Arca noae;Astarte sulcata;Astacilla longicornis;Caprella scaura;Cinachyrella alloclada;
Arca tetragona;Asterias rubens;Astarte sulcata;Cinachyrella alloclada;Ciona intestinalis;
Arcoscalpellum michelottianum;Asterina gibbosa;Asterias rubens;Ciona intestinalis;Clavelina lepadiformis;
Argonauta argo;Astropecten bispinosus;Asterina gibbosa;Clavelina lepadiformis;Ectopleura crocea;
Aristaeomorpha foliacea;Athanas nitescens;Athanas nitescens;Ectopleura crocea;Ficopomatus enigmaticus;
Aristaeopsis edwardsiana;Atlanta peronii;Atlanta brunnea;Ficopomatus enigmaticus;Hiatella arctica;
Aristeus antennatus;Atlanta selvagensis;Atlanta peronii;Hiatella arctica;Hydroides elegans;
Astacilla longicornis;Pinna rudis;Atlanta selvagensis;Hydroides elegans;Kirchenpaueria halecioides;
Astarte sulcata;Axinella infundibuliformis;Pinna rudis;Kirchenpaueria halecioides;Ligia oceanica;
Asterias rubens;Azoriella bayeri;Axinella infundibuliformis;Ligia oceanica;Lyrodus pedicellatus;
Asterina gibbosa;Bathothauma lyromma;Bathymodiolus azoricus;Lyrodus pedicellatus;Microcosmus squamiger;
Astropecten bispinosus;Bathymodiolus azoricus;Bathynectes maravigna;Microcosmus squamiger;Mytilus edulis;
Athanas nitescens;Bathynectes maravigna;Berghia verrucicornis;Mytilus edulis;Ostrea edulis;
Atlanta brunnea;Berghia verrucicornis;Berthella plumula;Ostrea edulis;Pachycerianthus solitarius;
Atlanta peronii;Berthella plumula;Berthellina edwardsii;Pachycerianthus solitarius;Paracerceis sculpta;
Atlanta selvagensis;Berthellina edwardsii;Bicellariella ciliata;Paracerceis sculpta;Paraleucilla magna;
Pinna rudis;Bicellariella ciliata;Boreomysis arctica;Paraleucilla magna;Perforatus perforatus;
Axinella infundibuliformis;Boreomysis arctica;Bosemprella incarnata;Perforatus perforatus;Perophora viridis;
Azoriella bayeri;Bosemprella incarnata;Botryphallus ovummuscae;Perophora viridis;Ruditapes decussatus;
Bathothauma lyromma;Botryphallus ovummuscae;Brachycarpus biunguiculatus;Ruditapes decussatus;Sabella spallanzanii;
Bathymodiolus azoricus;Brachycarpus biunguiculatus;Brissopsis lyrifera;Sabella spallanzanii;Sphaeroma serratum;
Bathynectes maravigna;Bresilia saldanhai;Brissus unicolor;Sphaeroma serratum;Styela clava;
Berghia verrucicornis;Brissopsis lyrifera;Calanus finmarchicus;Styela clava;Styela plicata;
Berthella plumula;Bursa scrobilator;Calanus helgolandicus;Styela plicata;Tubularia indivisa;
Berthellina edwardsii;Calanus finmarchicus;Calappa granulata;Tubularia indivisa;Watersipora subtorquata;
Bicellariella ciliata;Calanus helgolandicus;Calcinus tubularis;Watersipora subtorquata;;
Boreomysis arctica;Calappa granulata;Caliphylla mediterranea;;;
Bosemprella incarnata;Calcinus tubularis;Calliopius laeviusculus;;;
Botryphallus ovummuscae;Caliphylla mediterranea;Calliostoma zizyphinum;;;
Brachycarpus biunguiculatus;Calliopius laeviusculus;Callista chione;;;
Bresilia saldanhai;Calliostoma zizyphinum;Callochiton septemvalvis;;;
Brissopsis lyrifera;Callista chione;Callogorgia verticillata;;;
Brissus unicolor;Callochiton septemvalvis;Caloria elegans;;;
Bursa scrobilator;Callogorgia verticillata;Campanularia hincksii;;;
Calanus finmarchicus;Caloria elegans;Campecopea hirsuta;;;
Calanus helgolandicus;Campanularia hincksii;Campecopea lusitanica;;;
Calappa granulata;Canace nasica;Canace nasica;;;
Calcinus tubularis;Cancer bellianus;Cancer bellianus;;;
Caliphylla mediterranea;Cancer pagurus;Cancer pagurus;;;
Calliopius laeviusculus;Candacia bipinnata;Candacia bipinnata;;;
Calliostoma zizyphinum;Candacia curta;Candacia curta;;;
Callista chione;Candacia ethiopica;Candacia ethiopica;;;
Callochiton septemvalvis;Candacia simplex;Candacia simplex;;;
Callogorgia verticillata;Candidella imbricata;Caprella acanthifera;;;
Caloria elegans;Caprella acanthifera;Caprella andreae;;;
Campanularia hincksii;Caprella andreae;Caprella equilibra;;;
Campecopea hirsuta;Caprella equilibra;Caprella linearis;;;
Campecopea lusitanica;Caprella linearis;Caprella penantis;;;
Canace nasica;Caprella penantis;Carcinus maenas;;;
Cancer bellianus;Carcinus maenas;Cardiomya costellata;;;
Cancer pagurus;Cardiomya costellata;Cardita calyculata;;;
Candacia bipinnata;Cardita calyculata;Catapaguroides microps;;;
Candacia curta;Cavolinia inflexa;Cavolinia inflexa;;;
Candacia ethiopica;Cavolinia tridentata;Cavolinia tridentata;;;
Candacia simplex;Centropages typicus;Centropages typicus;;;
Candidella imbricata;Centropages violaceus;Centropages violaceus;;;
Caprella acanthifera;Cereus pedunculatus;Cereus pedunculatus;;;
Caprella andreae;Cerianthus lloydii;Cerianthus lloydii;;;
Caprella equilibra;Cerithiopsis minima;Cerithiopsis minima;;;
Caprella linearis;Cerithiopsis tubercularis;Cerithiopsis tubercularis;;;
Caprella penantis;Chaceon affinis;Chaceon affinis;;;
Carcinus maenas;Chama gryphoides;Chama gryphoides;;;
Cardiomya costellata;Charonia lampas;Charonia lampas;;;
Cardita calyculata;Charonia variegata;Charonia variegata;;;
Catapaguroides microps;Cheilea equestris;Cheilea equestris;;;
Cavolinia inflexa;Chelonibia caretta;Chelonibia caretta;;;
Cavolinia tridentata;Chondrosia reniformis;Chondrosia reniformis;;;
Centropages typicus;Chthamalus stellatus;Chthamalus stellatus;;;
Centropages violaceus;Cinetorhynchus rigens;Cinetorhynchus rigens;;;
Cereus pedunculatus;Cingula trifasciata;Cingula trifasciata;;;
Cerianthus lloydii;Ciocalypta penicillus;Clathrina clathrus;;;
Cerithiopsis minima;Clibanarius erythropus;Clibanarius erythropus;;;
Cerithiopsis tubercularis;Clio pyramidata;Clio pyramidata;;;
Chaceon affinis;Cliona celata;Cliona celata;;;
Chama gryphoides;Cliona viridis;Cliona viridis;;;
Charonia lampas;Clytia hemisphaerica;Clytia hemisphaerica;;;
Charonia variegata;Columbella adansoni;Colpodaspis pusilla;;;
Cheilea equestris;Columbella rustica;Columbella adansoni;;;
Chelonibia caretta;Comarmondia gracilis;Columbella rustica;;;
Chondrosia reniformis;Conchoderma auritum;Comarmondia gracilis;;;
Chthamalus stellatus;Conchoderma virgatum;Conchoderma auritum;;;
Cinetorhynchus rigens;Conus ermineus;Conchoderma virgatum;;;
Cingula trifasciata;Coralliophila meyendorffii;Conus ermineus;;;
Ciocalypta penicillus;Corycaeus speciosus;Coralliophila meyendorffii;;;
Clathrina clathrus;Coryne muscoides;Corycaeus speciosus;;;
Clibanarius erythropus;Coscinasterias tenuispina;Coryne muscoides;;;
Clio pyramidata;Creseis acicula;Coscinasterias tenuispina;;;
Cliona celata;Creseis conica;Creseis acicula;;;
Cliona viridis;Creseis virgula;Creseis conica;;;
Clytia hemisphaerica;Crisilla postrema;Creseis virgula;;;
Colpodaspis pusilla;Ctenodiscus crispatus;Crisilla postrema;;;
Columbella adansoni;Cuvierina atlantica;Ctenodiscus crispatus;;;
Columbella rustica;Cyamus boopis;Cuvierina atlantica;;;
Comarmondia gracilis;Cyamus erraticus;Cyamus boopis;;;
Conchoderma auritum;Cyamus ovalis;Cyamus erraticus;;;
Conchoderma virgatum;Cyerce antillensis;Cyamus ovalis;;;
Conus ermineus;Dardanus arrosor;Cyerce antillensis;;;
Coralliophila meyendorffii;Dardanus calidus;Cymodoce truncata;;;
Corycaeus speciosus;Dendrophyllia cornigera;Dardanus arrosor;;;
Coryne muscoides;Desmophyllum dianthus;Dardanus calidus;;;
Coscinasterias tenuispina;Desmophyllum pertusum;Dendrophyllia cornigera;;;
Creseis acicula;Dexamine spiniventris;Desmophyllum dianthus;;;
Creseis conica;Dexamine spinosa;Desmophyllum pertusum;;;
Creseis virgula;Diacria trispinosa;Dexamine spiniventris;;;
Crisilla postrema;Diaphorodoris luteocincta;Dexamine spinosa;;;
Ctenodiscus crispatus;Didemnum candidum;Diacria trispinosa;;;
Cuvierina atlantica;Diplosoma listerianum;Diaphorodoris luteocincta;;;
Cyamus boopis;Disporella hispida;Didemnum candidum;;;
Cyamus erraticus;Dosima fascicularis;Diplosoma listerianum;;;
Cyamus ovalis;Doto koenneckeri;Disporella hispida;;;
Cyerce antillensis;Dromia personata;Dosima fascicularis;;;
Cymodoce truncata;Dynamene bidentata;Doto koenneckeri;;;
Dardanus arrosor;Dynamene edwardsi;Dromia personata;;;
Dardanus calidus;Dynamene magnitorata;Dynamene bidentata;;;
Dendrophyllia cornigera;Ebalia cranchii;Dynamene edwardsi;;;
Desmophyllum dianthus;Ebalia nux;Dynamene magnitorata;;;
Desmophyllum pertusum;Ebalia tuberosa;Ebalia cranchii;;;
Dexamine spiniventris;Echinocardium cordatum;Ebalia nux;;;
Dexamine spinosa;Echinocardium flavescens;Ebalia tuberosa;;;
Diacria trispinosa;Echinocyamus pusillus;Echinocardium cordatum;;;
Diaphorodoris luteocincta;Echinogammarus marinus;Echinocardium flavescens;;;
Didemnum candidum;Echinus melo;Echinocyamus pusillus;;;
Diplosoma listerianum;Elasmopus rapax;Echinogammarus marinus;;;
Disporella hispida;Elysia ornata;Elasmopus rapax;;;
Dosima fascicularis;Elysia viridis;Elysia ornata;;;
Doto koenneckeri;Enallopsammia rostrata;Elysia viridis;;;
Dromia personata;Endeis spinosa;Enallopsammia rostrata;;;
Dynamene bidentata;Ephyrina figueirai;Endeis spinosa;;;
Dynamene edwardsi;Epitonium clathrus;Ephyrina figueirai;;;
Dynamene magnitorata;Ericthonius punctatus;Epitonium clathrus;;;
Ebalia cranchii;Eriphia verrucosa;Ericthonius punctatus;;;
Ebalia nux;Erylus discophorus;Eriphia verrucosa;;;
Ebalia tuberosa;Erylus mamillaris;Erylus discophorus;;;
Echinocardium cordatum;Eualus cranchii;Erylus mamillaris;;;
Echinocardium flavescens;Eualus occultus;Eualus cranchii;;;
Echinocyamus pusillus;Euchaeta acuta;Eualus occultus;;;
Echinogammarus marinus;Euchaeta marina;Euchaeta acuta;;;
Echinus melo;Euchaeta media;Euchaeta marina;;;
Elasmopus rapax;Euchirella rostrata;Euchaeta media;;;
Elysia ornata;Eudendrium rameum;Euchirella rostrata;;;
Elysia viridis;Eudolium bairdii;Eudendrium rameum;;;
Enallopsammia rostrata;Eupelops occultus;Eudolium bairdii;;;
Endeis spinosa;Euphrosine foliosa;Eupelops occultus;;;
Ephyrina figueirai;Eupolymnia nebulosa;Euphrosine foliosa;;;
Epitonium clathrus;Eurynome aspera;Eurynome aspera;;;
Ericthonius punctatus;Eurynome spinosa;Eurynome spinosa;;;
Eriphia verrucosa;Eurythoe complanata;Eurythoe complanata;;;
Erylus discophorus;Facelina annulicornis;Facelina annulicornis;;;
Erylus mamillaris;Favorinus branchialis;Favorinus branchialis;;;
Eualus cranchii;Felimare picta;Felimare picta;;;
Eualus occultus;Felimare tricolor;Felimare tricolor;;;
Euchaeta acuta;Felimida binza;Felimida binza;;;
Euchaeta marina;Felimida clenchi;Felimida clenchi;;;
Euchaeta media;Felimida edmundsi;Felimida purpurea;;;
Euchirella rostrata;Felimida purpurea;Filellum serpens;;;
Eudendrium rameum;Fiona pinnata;Fiona pinnata;;;
Eudolium bairdii;Funchalia villosa;Folsomia thalassophila;;;
Eupelops occultus;Galathea intermedia;Funchalia villosa;;;
Euphrosine foliosa;Galathea strigosa;Galathea intermedia;;;
Eupolymnia nebulosa;Gammarella fucicola;Galathea squamifera;;;
Eurynome aspera;Gammaropsis maculata;Galathea strigosa;;;
Eurynome spinosa;Gammarus crinicornis;Gammarella fucicola;;;
Eurythoe complanata;Gammarus locusta;Gammaropsis maculata;;;
Facelina annulicornis;Gennadas scutatus;Gammarus crinicornis;;;
Favorinus branchialis;Gennadas valens;Gammarus locusta;;;
Felimare picta;Genocidaris maculata;Geitodoris planata;;;
Felimare tricolor;Gibbula delgadensis;Gennadas elegans;;;
Felimida binza;Gibbula magus;Gennadas valens;;;
Felimida clenchi;Glycera capitata;Genocidaris maculata;;;
Felimida edmundsi;Glycera tesselata;Gibbula delgadensis;;;
Felimida purpurea;Glycinde nordmanni;Gibbula magus;;;
Filellum serpens;Gnathophyllum elegans;Glycera capitata;;;
Fiona pinnata;Gonothyraea loveni;Glycera tesselata;;;
Folsomia thalassophila;Gorgonocephalus arcticus;Glycinde nordmanni;;;
Funchalia villosa;Gracilechinus affinis;Gnathophyllum elegans;;;
Galathea intermedia;Grapsus adscensionis;Gonothyraea loveni;;;
Galathea squamifera;Grapsus grapsus;Gorgonocephalus arcticus;;;
Galathea strigosa;Gyrophyllum hirondellei;Gracilechinus affinis;;;
Gammarella fucicola;Halecium beanii;Grapsus adscensionis;;;
Gammaropsis maculata;Halecium halecinum;Grapsus grapsus;;;
Gammarus crinicornis;Halecium labrosum;Gyrophyllum hirondellei;;;
Gammarus locusta;Halicnemia patera;Halecium beanii;;;
Geitodoris planata;Haliotis tuberculata;Halecium halecinum;;;
Gennadas elegans;Haliphron atlanticus;Halecium labrosum;;;
Gennadas scutatus;Haminoea orteai;Haliotis tuberculata;;;
Gennadas valens;Haplostylus normani;Haliphron atlanticus;;;
Genocidaris maculata;Hediste diversicolor;Haminoea orteai;;;
Gibbula delgadensis;Heliconoides inflatus;Haplostylus normani;;;
Gibbula magus;Hemicorallium niobe;Hediste diversicolor;;;
Glycera capitata;Hemimycale columella;Heliconoides inflatus;;;
Glycera tesselata;Herbstia condyliata;Hemimycale columella;;;
Glycinde nordmanni;Hermodice carunculata;Henricia oculata;;;
Gnathophyllum elegans;Heterocarpus ensifer;Herbstia condyliata;;;
Gonothyraea loveni;Heterocarpus laevigatus;Hermodice carunculata;;;
Gorgonocephalus arcticus;Heterorhabdus papilliger;Heterocarpus ensifer;;;
Gracilechinus affinis;Hexadella racovitzai;Heterocarpus laevigatus;;;
Grapsus adscensionis;Hippolyte varians;Heterorhabdus papilliger;;;
Grapsus grapsus;Homarus gammarus;Hexadella racovitzai;;;
Gyrophyllum hirondellei;Homola barbata;Hippolyte varians;;;
Halecium beanii;Hyalinoecia tubicola;Homarus gammarus;;;
Halecium halecinum;Hymeniacidon perlevis;Homola barbata;;;
Halecium labrosum;Hymenodora glacialis;Hyalinoecia tubicola;;;
Halicnemia patera;Hymenodora gracilis;Hymeniacidon perlevis;;;
Haliotis tuberculata;Hymenopenaeus debilis;Hymenodora glacialis;;;
Haliphron atlanticus;Hypogastrura vernalis;Hymenodora gracilis;;;
Haminoea orteai;Idotea balthica;Hymenopenaeus debilis;;;
Haplostylus normani;Idotea granulosa;Hypogastrura vernalis;;;
Hediste diversicolor;Idotea metallica;Idotea balthica;;;
Heliconoides inflatus;Inachus dorsettensis;Idotea granulosa;;;
Hemicorallium niobe;Inachus leptochirus;Idotea metallica;;;
Hemimycale columella;Inachus phalangium;Idotea neglecta;;;
Henricia oculata;Ircinia variabilis;Inachus dorsettensis;;;
Herbstia condyliata;Isarachnanthus maderensis;Inachus leptochirus;;;
Hermodice carunculata;Isarachnanthus nocturnus;Inachus phalangium;;;
Heterocarpus ensifer;Ischyrocerus anguipes;Ircinia variabilis;;;
Heterocarpus laevigatus;Janira maculosa;Isarachnanthus maderensis;;;
Heterorhabdus papilliger;Jassa marmorata;Isarachnanthus nocturnus;;;
Hexadella racovitzai;Jassa pusilla;Ischyrocerus anguipes;;;
Hippolyte varians;Javania cailleti;Janira maculosa;;;
Homarus gammarus;Jujubinus exasperatus;Janthina janthina;;;
Homola barbata;Jujubinus pseudogravinae;Jassa marmorata;;;
Hyalinoecia tubicola;Jujubinus striatus;Jassa pusilla;;;
Hymeniacidon perlevis;Kaloplocamus ramosus;Javania cailleti;;;
Hymenodora glacialis;Kellia suborbicularis;Jujubinus exasperatus;;;
Hymenodora gracilis;Keratoisis grayi;Jujubinus pseudogravinae;;;
Hymenopenaeus debilis;Laevicardium crassum;Jujubinus striatus;;;
Hypogastrura vernalis;Lafoea dumosa;Kaloplocamus ramosus;;;
Idotea balthica;Lamellaria latens;Kellia suborbicularis;;;
Idotea granulosa;Lanice conchilega;Keratoisis grayi;;;
Idotea metallica;Laomedea calceolifera;Laevicardium crassum;;;
Idotea neglecta;Lasaea adansoni;Lafoea dumosa;;;
Inachus dorsettensis;Lasaea rubra;Lamellaria latens;;;
Inachus leptochirus;Latreillia elegans;Laomedea calceolifera;;;
Inachus phalangium;Latreutes fucorum;Lasaea adansoni;;;
Ircinia variabilis;Leander tenuicornis;Lasaea rubra;;;
Isarachnanthus maderensis;Leiopathes glaberrima;Latreillia elegans;;;
Isarachnanthus nocturnus;Lekanesphaera rugicauda;Latreutes fucorum;;;
Ischyrocerus anguipes;Lembos websteri;Leander tenuicornis;;;
Janira maculosa;Leptopsammia pruvoti;Leiopathes glaberrima;;;
Janthina janthina;Leucophytia bidentata;Lekanesphaera rugicauda;;;
Jassa marmorata;Leucothoe spinicarpa;Lekanesphaera terceirae;;;
Jassa pusilla;Leufroyia concinna;Lembos websteri;;;
Javania cailleti;Leufroyia leufroyi;Leptopsammia pruvoti;;;
Jujubinus exasperatus;Lima lima;Leucothoe spinicarpa;;;
Jujubinus pseudogravinae;Limacia clavigera;Lima lima;;;
Jujubinus striatus;Limacina bulimoides;Limacia clavigera;;;
Kaloplocamus ramosus;Limacina lesueurii;Limacina bulimoides;;;
Kellia suborbicularis;Limacina retroversa;Limacina lesueurii;;;
Keratoisis grayi;Limacina trochiformis;Limacina retroversa;;;
Laevicardium crassum;Limaria hians;Limacina trochiformis;;;
Lafoea dumosa;Limnodrilus hoffmeisteri;Limaria hians;;;
Lamellaria latens;Liocarcinus corrugatus;Limnodrilus hoffmeisteri;;;
Lanice conchilega;Liocarcinus holsatus;Liocarcinus corrugatus;;;
Laomedea calceolifera;Liocarcinus marmoreus;Liocarcinus holsatus;;;
Lasaea adansoni;Liocarcinus pusillus;Liocarcinus marmoreus;;;
Lasaea rubra;Liriope tetraphylla;Liocarcinus pusillus;;;
Latreillia elegans;Lissoclinum fragile;Liriope tetraphylla;;;
Latreutes fucorum;Lissoclinum perforatum;Lissoclinum fragile;;;
Leander tenuicornis;Littorina saxatilis;Lissoclinum perforatum;;;
Leiopathes glaberrima;Loligo forbesii;Litiopa melanostoma;;;
Lekanesphaera rugicauda;Lucinella divaricata;Littorina saxatilis;;;
Lekanesphaera terceirae;Luidia ciliaris;Loligo forbesii;;;
Lembos websteri;Lumbriculus variegatus;Lucinella divaricata;;;
Leptopsammia pruvoti;Lumbrineris latreilli;Lucinoma borealis;;;
Leucophytia bidentata;Luria lurida;Luidia ciliaris;;;
Leucothoe spinicarpa;Lysmata intermedia;Lumbriculus variegatus;;;
Leufroyia concinna;Lysmata seticaudata;Lumbrineris latreilli;;;
Leufroyia leufroyi;Macropipus tuberculatus;Luria lurida;;;
Lima lima;Macropodia rostrata;Lysmata intermedia;;;
Limacia clavigera;Madracis pharensis;Lysmata seticaudata;;;
Limacina bulimoides;Madrepora oculata;Macropipus tuberculatus;;;
Limacina lesueurii;Maja brachydactyla;Macropodia rostrata;;;
Limacina retroversa;Maja squinado;Madracis pharensis;;;
Limacina trochiformis;Marionia blainvillea;Madrepora oculata;;;
Limaria hians;Marthasterias glacialis;Maja brachydactyla;;;
Limnodrilus hoffmeisteri;Mecynocera clausi;Maja squinado;;;
Liocarcinus corrugatus;Megabalanus azoricus;Marionia blainvillea;;;
Liocarcinus holsatus;Melarhaphe neritoides;Marthasterias glacialis;;;
Liocarcinus marmoreus;Melita hergensis;Mecynocera clausi;;;
Liocarcinus pusillus;Melita palmata;Megabalanus azoricus;;;
Liriope tetraphylla;Mesocalanus tenuicornis;Melarhaphe neritoides;;;
Lissoclinum fragile;Metaverruca recta;Melita hergensis;;;
Lissoclinum perforatum;Microcosmus exasperatus;Melita palmata;;;
Litiopa melanostoma;Microdeutopus anomalus;Mesocalanus tenuicornis;;;
Littorina saxatilis;Microprotopus maculatus;Metaverruca recta;;;
Loligo forbesii;Mimachlamys varia;Microcosmus exasperatus;;;
Lucinella divaricata;Miracia efferata;Microdeutopus anomalus;;;
Lucinoma borealis;Moerella donacina;Microprotopus maculatus;;;
Luidia ciliaris;Monocorophium sextonae;Mimachlamys varia;;;
Lumbriculus variegatus;Munida intermedia;Miracia efferata;;;
Lumbrineris latreilli;Munida sanctipauli;Moerella donacina;;;
Luria lurida;Muricopsis cristata;Monocorophium sextonae;;;
Lysmata intermedia;Myosotella myosotis;Munida intermedia;;;
Lysmata seticaudata;Myrtea spinifera;Munida sanctipauli;;;
Macropipus tuberculatus;Mytilus galloprovincialis;Muricopsis cristata;;;
Macropodia rostrata;Nais elinguis;Myosotella myosotis;;;
Madracis pharensis;Nannocalanus minor;Myrtea spinifera;;;
Madrepora oculata;Narella versluysi;Mytilus galloprovincialis;;;
Maja brachydactyla;Nematopagurus longicornis;Myxicola infundibulum;;;
Maja squinado;Nemertesia antennina;Nais elinguis;;;
Marionia blainvillea;Nemertesia ramosa;Nannocalanus minor;;;
Marthasterias glacialis;Neocalanus gracilis;Narella versluysi;;;
Mecynocera clausi;Neognathophausia ingens;Nematopagurus longicornis;;;
Megabalanus azoricus;Neolithodes grimaldii;Nemertesia antennina;;;
Melarhaphe neritoides;Neopycnodonte cochlear;Nemertesia ramosa;;;
Melita hergensis;Nereis pelagica;Neocalanus gracilis;;;
Melita palmata;Nothrus anauniensis;Neognathophausia ingens;;;
Mesocalanus tenuicornis;Notostomus elegans;Neolithodes grimaldii;;;
Metaverruca recta;Nototeredo norvagica;Neopycnodonte cochlear;;;
Microcosmus exasperatus;Obelia bidentata;Nereis pelagica;;;
Microdeutopus anomalus;Obelia dichotoma;Nothrus anauniensis;;;
Microprotopus maculatus;Obelia geniculata;Notostomus elegans;;;
Mimachlamys varia;Oceania armata;Nototeredo norvagica;;;
Miracia efferata;Ocenebra erinaceus;Obelia bidentata;;;
Moerella donacina;Ocinebrina aciculata;Obelia dichotoma;;;
Monocorophium sextonae;Octopoteuthis sicula;Obelia geniculata;;;
Munida intermedia;Octopus salutii;Oceania armata;;;
Munida sanctipauli;Octopus vulgaris;Ocenebra erinaceus;;;
Muricopsis cristata;Ocythoe tuberculata;Ocinebrina aciculata;;;
Myosotella myosotis;Okenia picoensis;Octopus salutii;;;
Myrtea spinifera;Ommastrephes bartramii;Octopus vulgaris;;;
Mytilus galloprovincialis;Onchidella celtica;Ocythoe tuberculata;;;
Myxicola infundibulum;Onuphis eremita;Okenia picoensis;;;
Nais elinguis;Onychoteuthis banksii;Ommastrephes bartramii;;;
Nannocalanus minor;Onykia robsoni;Onchidella celtica;;;
Narella versluysi;Ophiacantha bidentata;Onuphis eremita;;;
Nematopagurus longicornis;Ophiocomina nigra;Onychoteuthis banksii;;;
Nemertesia antennina;Ophiocten affinis;Onykia robsoni;;;
Nemertesia ramosa;Ophiothrix fragilis;Ophiacantha bidentata;;;
Neocalanus gracilis;Ophiura albida;Ophiocomina nigra;;;
Neognathophausia ingens;Oplophorus spinosus;Ophiocten affinis;;;
Neolithodes grimaldii;Oppiella nova;Ophiothrix fragilis;;;
Neopycnodonte cochlear;Orchestia gammarellus;Ophiura albida;;;
Nereis pelagica;Orchestia mediterranea;Oplophorus spinosus;;;
Nothrus anauniensis;Oribatula tibialis;Oppiella nova;;;
Notostomus elegans;Orthopyxis integra;Orchestia gammarellus;;;
Nototeredo norvagica;Oscarella lobularis;Orchestia mediterranea;;;
Obelia bidentata;Ovatella vulcani;Oribatula tibialis;;;
Obelia dichotoma;Pachygrapsus marmoratus;Orthopyxis integra;;;
Obelia geniculata;Pachymerium ferrugineum;Oscarella lobularis;;;
Oceania armata;Pagurus bernhardus;Ovatella vulcani;;;
Ocenebra erinaceus;Pagurus cuanensis;Pachygrapsus marmoratus;;;
Ocinebrina aciculata;Pagurus prideaux;Pachymerium ferrugineum;;;
Octopoteuthis sicula;Palaemon elegans;Pagurus bernhardus;;;
Octopus salutii;Palaemon serratus;Pagurus cuanensis;;;
Octopus vulgaris;Palicus caronii;Pagurus prideaux;;;
Ocythoe tuberculata;Palinurus elephas;Palaemon elegans;;;
Okenia picoensis;Paracentrotus lividus;Palaemon serratus;;;
Ommastrephes bartramii;Paractaea rufopunctata;Palinurus elephas;;;
Onchidella celtica;Paraeuchaeta hebes;Paracentrotus lividus;;;
Onuphis eremita;Paragorgia arborea;Paractaea rufopunctata;;;
Onychoteuthis banksii;Paragorgia johnsoni;Paraeuchaeta hebes;;;
Onykia robsoni;Paramuricea biscaya;Paragorgia arborea;;;
Ophiacantha bidentata;Parapasiphae sulcatifrons;Paragorgia johnsoni;;;
Ophiocomina nigra;Parasergestes vigilax;Paramuricea biscaya;;;
Ophiocten affinis;Paratimea constellata;Parapasiphae sulcatifrons;;;
Ophiothrix fragilis;Parvicardium exiguum;Paratimea constellata;;;
Ophiura albida;Patella aspera;Parvicardium exiguum;;;
Oplophorus spinosus;Patella caerulea;Patella aspera;;;
Oppiella nova;Patella candei;Patella caerulea;;;
Orchestia gammarellus;Patella ulyssiponensis;Patella candei;;;
Orchestia mediterranea;Pecten maximus;Patella ulyssiponensis;;;
Oribatula tibialis;Pedipes pedipes;Pecten maximus;;;
Orthopyxis integra;Pelagia noctiluca;Pedipes pedipes;;;
Oscarella lobularis;Peltodoris atromaculata;Pelagia noctiluca;;;
Ovatella vulcani;Pennatula aculeata;Pennaria disticha;;;
Pachygrapsus marmoratus;Periclimenes sagittifer;Pennatula aculeata;;;
Pachymerium ferrugineum;Perinereis cultrifera;Percnon planissimum;;;
Pagurus bernhardus;Phidiana lynceus;Periclimenes sagittifer;;;
Pagurus cuanensis;Philocheras bispinosus;Perinereis cultrifera;;;
Pagurus prideaux;Philocheras trispinosus;Phidiana lynceus;;;
Palaemon elegans;Phorbas fictitius;Philine intricata;;;
Palaemon serratus;Phorbas plumosus;Philocheras bispinosus;;;
Palicus caronii;Phoronis hippocrepia;Philocheras trispinosus;;;
Palinurus elephas;Phoronis psammophila;Phorbas fictitius;;;
Paracentrotus lividus;Phoronopsis harmeri;Phorbas plumosus;;;
Paractaea rufopunctata;Phronima sedentaria;Phoronis hippocrepia;;;
Paraeuchaeta hebes;Phtisica marina;Phoronis psammophila;;;
Paragorgia arborea;Physalia physalis;Phoronopsis harmeri;;;
Paragorgia johnsoni;Physophora hydrostatica;Phronima sedentaria;;;
Paramuricea biscaya;Pilumnus hirtellus;Phtisica marina;;;
Parapasiphae sulcatifrons;Pilumnus inermis;Physalia physalis;;;
Parasergestes vigilax;Pilumnus spinifer;Physophora hydrostatica;;;
Paratimea constellata;Pilumnus villosissimus;Pilumnus hirtellus;;;
Parvicardium exiguum;Pinnotheres pisum;Pilumnus inermis;;;
Patella aspera;Pione vastifica;Pilumnus spinifer;;;
Patella caerulea;Pisa armata;Pilumnus villosissimus;;;
Patella candei;Pisinna glabrata;Pinnotheres pisum;;;
Patella ulyssiponensis;Pisione remota;Pione vastifica;;;
Pecten maximus;Pitar rudis;Pisa armata;;;
Pedipes pedipes;Placida cremoniana;Pisinna glabrata;;;
Pelagia noctiluca;Placida verticilata;Pisione remota;;;
Peltodoris atromaculata;Plagusia depressa;Pitar rudis;;;
Pennaria disticha;Platorchestia monodi;Placida cremoniana;;;
Pennatula aculeata;Platorchestia platensis;Plagusia depressa;;;
Percnon planissimum;Platynereis dumerilii;Planes minutus;;;
Periclimenes sagittifer;Plesionika edwardsii;Platorchestia monodi;;;
Perinereis cultrifera;Plesionika martia;Platorchestia platensis;;;
Phidiana lynceus;Plesionika narval;Platynereis dumerilii;;;
Philine intricata;Pleuromamma abdominalis;Plesionika edwardsii;;;
Philocheras bispinosus;Pleuromamma borealis;Plesionika martia;;;
Philocheras trispinosus;Pleuromamma gracilis;Plesionika narval;;;
Phorbas fictitius;Pleuromamma piseki;Pleuromamma abdominalis;;;
Phorbas plumosus;Pleuromamma xiphias;Pleuromamma borealis;;;
Phoronis hippocrepia;Plumularia setacea;Pleuromamma gracilis;;;
Phoronis psammophila;Polititapes aureus;Pleuromamma piseki;;;
Phoronopsis harmeri;Polybius henslowii;Pleuromamma xiphias;;;
Phronima sedentaria;Polycarpa tenera;Plumularia setacea;;;
Phtisica marina;Polycera quadrilineata;Pododesmus patelliformis;;;
Physalia physalis;Polycheles typhlops;Polinices lacteus;;;
Physophora hydrostatica;Polymastia penicillus;Polititapes aureus;;;
Pilumnus hirtellus;Pontellina plumata;Polybius henslowii;;;
Pilumnus inermis;Procambarus clarkii;Polycarpa tenera;;;
Pilumnus spinifer;Processa edulis;Polycera quadrilineata;;;
Pilumnus villosissimus;Protatlanta souleyeti;Polycheles typhlops;;;
Pinnotheres pisum;Psammechinus miliaris;Polymastia penicillus;;;
Pione vastifica;Pseudarchaster parelii;Pontellina plumata;;;
Pisa armata;Pseudocalanus elongatus;Procambarus clarkii;;;
Pisinna glabrata;Pseudomelampus exiguus;Processa edulis;;;
Pisione remota;Pteria hirundo;Protatlanta souleyeti;;;
Pitar rudis;Pusia ebenus;Protohyale (Protohyale) schmidtii;;;
Placida cremoniana;Pusillina inconspicua;Psammechinus miliaris;;;
Placida verticilata;Quadrimaera inaequipes;Pseudarchaster parelii;;;
Plagusia depressa;Quadroppia quadricarinata;Pseudocalanus elongatus;;;
Planes minutus;Radicipes gracilis;Pteria hirundo;;;
Platorchestia monodi;Ranella olearium;Pusillina inconspicua;;;
Platorchestia platensis;Raphitoma purpurea;Quadrimaera inaequipes;;;
Platynereis dumerilii;Raspaciona aculeata;Quadroppia quadricarinata;;;
Plesionika edwardsii;Rhincalanus cornutus;Radicipes gracilis;;;
Plesionika martia;Rhopalonema velatum;Ranella olearium;;;
Plesionika narval;Rissoa guernei;Raphitoma purpurea;;;
Pleuromamma abdominalis;Runcina adriatica;Raspaciona aculeata;;;
Pleuromamma borealis;Runcina coronata;Rhincalanus cornutus;;;
Pleuromamma gracilis;Sabella pavonina;Rhopalonema velatum;;;
Pleuromamma piseki;Sarcotragus fasciculatus;Rissoa guernei;;;
Pleuromamma xiphias;Sarcotragus spinosulus;Sabella pavonina;;;
Plumularia setacea;Sarsia tubulosa;Sarcotragus fasciculatus;;;
Pododesmus patelliformis;Savalia savaglia;Sarcotragus spinosulus;;;
Polinices lacteus;Scaeurgus unicirrhus;Sarsia tubulosa;;;
Polititapes aureus;Schizoporella dunkeri;Savalia savaglia;;;
Polybius henslowii;Scolecithrix danae;Scaeurgus unicirrhus;;;
Polycarpa tenera;Scoloplos armiger;Scheloribates laevigatus;;;
Polycera quadrilineata;Scyllaea pelagica;Scolecithrix danae;;;
Polycheles typhlops;Scyllarides latus;Scoloplos armiger;;;
Polymastia penicillus;Scyllarus arctus;Scyllaea pelagica;;;
Pontellina plumata;Scyllarus pygmaeus;Scyllarides latus;;;
Procambarus clarkii;Sergestes atlanticus;Scyllarus arctus;;;
Processa edulis;Setia subvaricosa;Scyllarus pygmaeus;;;
Protatlanta souleyeti;Setia turriculata;Serejohyale spinidactylus;;;
Protohyale (Protohyale) schmidtii;Skeneopsis planorbis;Sertularella polyzonias;;;
Psammechinus miliaris;Solenocera membranacea;Setia subvaricosa;;;
Pseudarchaster parelii;Solenosmilia variabilis;Setia turriculata;;;
Pseudocalanus elongatus;Spatangus purpureus;Skeneopsis planorbis;;;
Pseudomelampus exiguus;Spatangus raschi;Solenocera membranacea;;;
Pteria hirundo;Sphaerechinus granularis;Solenosmilia variabilis;;;
Pusia ebenus;Spirula spirula;Spatangus purpureus;;;
Pusillina inconspicua;Spondylus gaederopus;Spatangus raschi;;;
Quadrimaera inaequipes;Stenocyathus vermiformis;Spirula spirula;;;
Quadroppia quadricarinata;Stenopus spinosus;Spondylus gaederopus;;;
Radicipes gracilis;Stenothoe marina;Stenocyathus vermiformis;;;
Ranella olearium;Stenothoe monoculoides;Stenopus spinosus;;;
Raphitoma purpurea;Stramonita haemastoma;Stenothoe marina;;;
Raspaciona aculeata;Striarca lactea;Stenothoe monoculoides;;;
Rhincalanus cornutus;Styliola subula;Stramonita haemastoma;;;
Rhopalonema velatum;Subeucalanus crassus;Striarca lactea;;;
Rissoa guernei;Sycon ciliatum;Styliola subula;;;
Runcina adriatica;Systellaspis debilis;Subeucalanus crassus;;;
Runcina coronata;Talitrus saltator;Systellaspis debilis;;;
Sabella pavonina;Talochlamys multistriata;Talitrus saltator;;;
Sarcotragus fasciculatus;Tanais dulongii;Talochlamys multistriata;;;
Sarcotragus spinosulus;Tanystylum orbiculare;Tanais dulongii;;;
Sarsia tubulosa;Tectarius striatus;Tanystylum orbiculare;;;
Savalia savaglia;Tectura virginea;Tectarius striatus;;;
Scaeurgus unicirrhus;Tellimya ferruginosa;Tectura virginea;;;
Scheloribates laevigatus;Temora longicornis;Tellimya ferruginosa;;;
Schizoporella dunkeri;Temora stylifera;Temora longicornis;;;
Scolecithrix danae;Teretia teres;Temora stylifera;;;
Scoloplos armiger;Tethya aurantium;Teretia teres;;;
Scyllaea pelagica;Thracia phaseolina;Tethya aurantium;;;
Scyllarides latus;Thuridilla mazda;Thracia phaseolina;;;
Scyllarus arctus;Timea unistellata;Thuridilla mazda;;;
Scyllarus pygmaeus;Timoclea ovata;Timea unistellata;;;
Serejohyale spinidactylus;Todarodes sagittatus;Timoclea ovata;;;
Sergestes atlanticus;Tonna galea;Todarodes sagittatus;;;
Sertularella polyzonias;Tremoctopus violaceus;Tonna galea;;;
Setia subvaricosa;Tricolia pullus;Tremoctopus violaceus;;;
Setia turriculata;Trinchesia caerulea;Tricolia pullus;;;
Skeneopsis planorbis;Tritia corniculum;Trinchesia caerulea;;;
Solenocera membranacea;Tritia cuvierii;Trinchesia foliata;;;
Solenosmilia variabilis;Tritia incrassata;Tritia corniculum;;;
Spatangus purpureus;Trophonopsis barvicensis;Tritia cuvierii;;;
Spatangus raschi;Trophonopsis muricata;Tritia incrassata;;;
Sphaerechinus granularis;Tubifex tubifex;Trophonopsis barvicensis;;;
Spirula spirula;Tylodina perversa;Trophonopsis muricata;;;
Spondylus gaederopus;Ulosa digitata;Tubifex tubifex;;;
Stenocyathus vermiformis;Undeuchaeta major;Tylodina perversa;;;
Stenopus spinosus;Undinula vulgaris;Undeuchaeta major;;;
Stenothoe marina;Venus casina;Undinula vulgaris;;;
Stenothoe monoculoides;Venus verrucosa;Velella velella;;;
Stramonita haemastoma;Vermetus triquetrus;Venus casina;;;
Striarca lactea;Verruca stroemia;Venus verrucosa;;;
Styliola subula;Weinkauffia macandrewii;Vermetus triquetrus;;;
Subeucalanus crassus;Xantho hydrophilus;Verruca stroemia;;;
Sycon ciliatum;Xantho pilipes;Xantho hydrophilus;;;
Systellaspis debilis;Xantho sexdentatus;Xantho pilipes;;;
Talitrus saltator;Xenobalanus globicipitis;Xenobalanus globicipitis;;;
Talochlamys multistriata;Abra alba;Antedon bifida;;;
Tanais dulongii;Acanella arbuscula;Atlanta brunnea;;;
Tanystylum orbiculare;Acanthephyra eximia;Atlanta peronii;;;
Tectarius striatus;Acanthephyra pelagica;Atlanta selvagensis;;;
Tectura virginea;Acanthephyra purpurea;Orchestia gammarellus;;;
Tellimya ferruginosa;Acanthogorgia armata;Orchestia mediterranea;;;
Temora longicornis;Acanthonyx lunulatus;Platorchestia monodi;;;
Temora stylifera;Acesta excavata;Platorchestia platensis;;;
Teretia teres;Achelia echinata;Protatlanta souleyeti;;;
Tethya aurantium;Actinia equina;Talitrus saltator;;;
Thracia phaseolina;Aequipecten opercularis;;;;
Thuridilla mazda;Aetea anguina;;;;
Timea unistellata;Aglaophenia octodonta;;;;
Timoclea ovata;Aglaophenia pluma;;;;
Todarodes sagittatus;Aglaura hemistoma;;;;
Tonna galea;Aiptasia mutabilis;;;;
Tremoctopus violaceus;Akera bullata;;;;
Tricolia pullus;Alicia mirabilis;;;;
Trinchesia caerulea;Alpheus dentipes;;;;
Trinchesia foliata;Alpheus macrocheles;;;;
Tritia corniculum;Amathia citrina;;;;
Tritia cuvierii;Amathia lendigera;;;;
Tritia incrassata;Amphisbetia operculata;;;;
Trophonopsis barvicensis;Amphiura chiajei;;;;
Trophonopsis muricata;Ampithoe ramondi;;;;
Tubifex tubifex;Ampithoe rubricata;;;;
Tylodina perversa;Anchialina agilis;;;;
Ulosa digitata;Anomia ephippium;;;;
Undeuchaeta major;Anoplodactylus petiolatus;;;;
Undinula vulgaris;Antedon bifida;;;;
Velella velella;Antennella ansini;;;;
Venus casina;Antennella secundaria;;;;
Venus verrucosa;Anthohebella parasitica;;;;
Vermetus triquetrus;Anthopleura ballii;;;;
Verruca stroemia;Antipathella subpinnata;;;;
Weinkauffia macandrewii;Antipathozoanthus macaronesicus;;;;
Xantho hydrophilus;Aora gracilis;;;;
Xantho pilipes;Apherusa jurinei;;;;
Xantho sexdentatus;Aplysia depilans;;;;
Xenobalanus globicipitis;Aplysia parvula;;;;
Abra alba;Aplysia punctata;;;;
Acanella arbuscula;Aplysina aerophoba;;;;
Acanthephyra eximia;Aporhynchus menezesi;;;;
Acanthephyra pelagica;Aporhynchus norvegicus;;;;
Acanthephyra purpurea;Arbacia lixula;;;;
Acanthogorgia armata;Arca noae;;;;
Acanthonyx lunulatus;Arcoscalpellum michelottianum;;;;
Acesta excavata;Aristaeomorpha foliacea;;;;
Achelia echinata;Aristaeopsis edwardsiana;;;;
Actinia equina;Astarte sulcata;;;;
Aequipecten opercularis;Asterias rubens;;;;
Aetea anguina;Asterina gibbosa;;;;
Aglaophenia octodonta;Athanas nitescens;;;;
Aglaophenia pluma;Atrina fragilis;;;;
Aglaura hemistoma;Axinella infundibuliformis;;;;
Aiptasia mutabilis;Barentsia discreta;;;;
Akera bullata;Bathymodiolus azoricus;;;;
Alicia mirabilis;Berghia verrucicornis;;;;
Alpheus dentipes;Berthellina edwardsii;;;;
Alpheus macrocheles;Bicellariella ciliata;;;;
Amathia citrina;Boreomysis arctica;;;;
Amathia lendigera;Borojevia cerebrum;;;;
Amphisbetia operculata;Brachycarpus biunguiculatus;;;;
Amphiura chiajei;Bresilia saldanhai;;;;
Ampithoe ramondi;Brissopsis lyrifera;;;;
Ampithoe rubricata;Calanus finmarchicus;;;;
Anchialina agilis;Calanus helgolandicus;;;;
Anomia ephippium;Calliopius laeviusculus;;;;
Anoplodactylus petiolatus;Calliostoma zizyphinum;;;;
Antedon bifida;Callista chione;;;;
Antennella ansini;Callochiton septemvalvis;;;;
Antennella secundaria;Caloria elegans;;;;
Anthohebella parasitica;Campanularia hincksii;;;;
Anthopleura ballii;Campecopea hirsuta;;;;
Antipathella subpinnata;Cancer pagurus;;;;
Antipathozoanthus macaronesicus;Candacia armata;;;;
Aora gracilis;Candacia bipinnata;;;;
Apherusa jurinei;Candacia simplex;;;;
Aplysia depilans;Caprella andreae;;;;
Aplysia parvula;Caprella equilibra;;;;
Aplysia punctata;Caprella linearis;;;;
Aplysina aerophoba;Caprella penantis;;;;
Aporhynchus menezesi;Carcinus maenas;;;;
Aporhynchus norvegicus;Cardiomya costellata;;;;
Arbacia lixula;Cardita calyculata;;;;
Arca noae;Centropages bradyi;;;;
Arcoscalpellum michelottianum;Centropages typicus;;;;
Aristaeomorpha foliacea;Centropages violaceus;;;;
Aristaeopsis edwardsiana;Centrostephanus longispinus;;;;
Astarte sulcata;Cereus pedunculatus;;;;
Asterias rubens;Chalinula molitba;;;;
Asterina gibbosa;Chama gryphoides;;;;
Athanas nitescens;Charonia lampas;;;;
Atlanta brunnea;Chelonibia caretta;;;;
Atlanta peronii;Chondrosia reniformis;;;;
Atlanta selvagensis;Chthamalus stellatus;;;;
Atrina fragilis;Ciocalypta penicillus;;;;
Axinella infundibuliformis;Clathrina clathrus;;;;
Barentsia discreta;Clathrina coriacea;;;;
Bathymodiolus azoricus;Clathrina lacunosa;;;;
Berghia verrucicornis;Clio pyramidata;;;;
Berthellina edwardsii;Cliona celata;;;;
Bicellariella ciliata;Cliona viridis;;;;
Boreomysis arctica;Clytia hemisphaerica;;;;
Borojevia cerebrum;Conchoderma auritum;;;;
Brachycarpus biunguiculatus;Conchoderma virgatum;;;;
Bresilia saldanhai;Coralliophila meyendorffii;;;;
Brissopsis lyrifera;Corycaeus speciosus;;;;
Calanus finmarchicus;Corynactis viridis;;;;
Calanus helgolandicus;Coryne muscoides;;;;
Calliopius laeviusculus;Creseis conica;;;;
Calliostoma zizyphinum;Creseis virgula;;;;
Callista chione;Crisia denticulata;;;;
Callochiton septemvalvis;Cuvierina atlantica;;;;
Caloria elegans;Dendrophyllia cornigera;;;;
Campanularia hincksii;Desmophyllum dianthus;;;;
Campecopea hirsuta;Desmophyllum pertusum;;;;
Cancer pagurus;Dexamine spinosa;;;;
Candacia armata;Diacria trispinosa;;;;
Candacia bipinnata;Diaphorodoris luteocincta;;;;
Candacia simplex;Diplosoma listerianum;;;;
Caprella andreae;Disporella hispida;;;;
Caprella equilibra;Ditrupa arietina;;;;
Caprella linearis;Dosima fascicularis;;;;
Caprella penantis;Doto floridicola;;;;
Carcinus maenas;Doto koenneckeri;;;;
Cardiomya costellata;Dynamene bidentata;;;;
Cardita calyculata;Dynamene edwardsi;;;;
Centropages bradyi;Dynamene magnitorata;;;;
Centropages typicus;Dysidea fragilis;;;;
Centropages violaceus;Ebalia cranchii;;;;
Centrostephanus longispinus;Echinocardium cordatum;;;;
Cereus pedunculatus;Echinocyamus pusillus;;;;
Chalinula molitba;Echinogammarus marinus;;;;
Chama gryphoides;Elysia viridis;;;;
Charonia lampas;Enallopsammia rostrata;;;;
Chelonibia caretta;Endeis spinosa;;;;
Chondrosia reniformis;Ephyrina figueirai;;;;
Chthamalus stellatus;Eriphia verrucosa;;;;
Ciocalypta penicillus;Eualus cranchii;;;;
Clathrina clathrus;Euchaeta acuta;;;;
Clathrina coriacea;Euchaeta media;;;;
Clathrina lacunosa;Eulalia expusilla;;;;
Clio pyramidata;Euphrosine armadillo;;;;
Cliona celata;Euphrosine foliosa;;;;
Cliona viridis;Eurythoe complanata;;;;
Clytia hemisphaerica;Fabricia stellaris;;;;
Conchoderma auritum;Felimare picta;;;;
Conchoderma virgatum;Felimida edmundsi;;;;
Coralliophila meyendorffii;Fiona pinnata;;;;
Corycaeus speciosus;Flexopecten flexuosus;;;;
Corynactis viridis;Funchalia villosa;;;;
Coryne muscoides;Galathea intermedia;;;;
Creseis conica;Galathea squamifera;;;;
Creseis virgula;Gammarus crinicornis;;;;
Crisia denticulata;Gammarus locusta;;;;
Cuvierina atlantica;Gennadas valens;;;;
Dendrophyllia cornigera;Genocidaris maculata;;;;
Desmophyllum dianthus;Gibbula delgadensis;;;;
Desmophyllum pertusum;Gibbula magus;;;;
Dexamine spinosa;Glycera capitata;;;;
Diacria trispinosa;Glycera tesselata;;;;
Diaphorodoris luteocincta;Gonothyraea loveni;;;;
Diplosoma listerianum;Goodallia triangularis;;;;
Disporella hispida;Halecium beanii;;;;
Ditrupa arietina;Halecium halecinum;;;;
Dosima fascicularis;Halecium labrosum;;;;
Doto floridicola;Halecium mediterraneum;;;;
Doto koenneckeri;Haliotis tuberculata;;;;
Dynamene bidentata;Haliphron atlanticus;;;;
Dynamene edwardsi;Halopteris catharina;;;;
Dynamene magnitorata;Haminoea hydatis;;;;
Dysidea fragilis;Haminoea orteai;;;;
Ebalia cranchii;Hediste diversicolor;;;;
Echinocardium cordatum;Heliconoides inflatus;;;;
Echinocyamus pusillus;Hemicorallium niobe;;;;
Echinogammarus marinus;Hemimycale columella;;;;
Elysia viridis;Henricia oculata;;;;
Enallopsammia rostrata;Hermodice carunculata;;;;
Endeis spinosa;Heterocarpus ensifer;;;;
Ephyrina figueirai;Heterorhabdus papilliger;;;;
Eriphia verrucosa;Hexadella racovitzai;;;;
Eualus cranchii;Hippolyte varians;;;;
Euchaeta acuta;Homarus gammarus;;;;
Euchaeta media;Humerobates rostrolamellatus;;;;
Eulalia expusilla;Hyalinoecia tubicola;;;;
Euphrosine armadillo;Hymeniacidon perlevis;;;;
Euphrosine foliosa;Hymenodora glacialis;;;;
Eurythoe complanata;Hymenopenaeus debilis;;;;
Fabricia stellaris;Idotea balthica;;;;
Felimare picta;Idotea granulosa;;;;
Felimida edmundsi;Irus irus;;;;
Fiona pinnata;Isarachnanthus maderensis;;;;
Flexopecten flexuosus;Isarachnanthus nocturnus;;;;
Funchalia villosa;Ischyrocerus anguipes;;;;
Galathea intermedia;Janira maculosa;;;;
Galathea squamifera;Jassa marmorata;;;;
Gammarus crinicornis;Javania cailleti;;;;
Gammarus locusta;Keratoisis grayi;;;;
Gennadas valens;Kirchenpaueria pinnata;;;;
Genocidaris maculata;Lafoea dumosa;;;;
Gibbula delgadensis;Lanice conchilega;;;;
Gibbula magus;Laomedea calceolifera;;;;
Glycera capitata;Lasaea adansoni;;;;
Glycera tesselata;Lasaea rubra;;;;
Gonothyraea loveni;Latreutes fucorum;;;;
Goodallia triangularis;Leander tenuicornis;;;;
Halecium beanii;Leiopathes glaberrima;;;;
Halecium halecinum;Leptopsammia pruvoti;;;;
Halecium labrosum;Leucandra aspera;;;;
Halecium mediterraneum;Leucophytia bidentata;;;;
Haliotis tuberculata;Leucothoe spinicarpa;;;;
Haliphron atlanticus;Lima lima;;;;
Halopteris catharina;Limacia clavigera;;;;
Haminoea hydatis;Limacina bulimoides;;;;
Haminoea orteai;Limacina lesueurii;;;;
Hediste diversicolor;Limacina retroversa;;;;
Heliconoides inflatus;Limaria hians;;;;
Hemicorallium niobe;Limnodrilus hoffmeisteri;;;;
Hemimycale columella;Liocarcinus marmoreus;;;;
Henricia oculata;Liriope tetraphylla;;;;
Hermodice carunculata;Littorina saxatilis;;;;
Heterocarpus ensifer;Loligo forbesii;;;;
Heterorhabdus papilliger;Lucinella divaricata;;;;
Hexadella racovitzai;Lucinoma borealis;;;;
Hippolyte varians;Lumbriculus variegatus;;;;
Homarus gammarus;Lumbrineris latreilli;;;;
Humerobates rostrolamellatus;Madracis pharensis;;;;
Hyalinoecia tubicola;Madrepora oculata;;;;
Hymeniacidon perlevis;Maja brachydactyla;;;;
Hymenodora glacialis;Maja squinado;;;;
Hymenopenaeus debilis;Marthasterias glacialis;;;;
Idotea balthica;Mecynocera clausi;;;;
Idotea granulosa;Melarhaphe neritoides;;;;
Irus irus;Mesocalanus tenuicornis;;;;
Isarachnanthus maderensis;Metaverruca recta;;;;
Isarachnanthus nocturnus;Microcosmus exasperatus;;;;
Ischyrocerus anguipes;Mimachlamys varia;;;;
Janira maculosa;Miracia efferata;;;;
Jassa marmorata;Monocorophium sextonae;;;;
Javania cailleti;Munida intermedia;;;;
Keratoisis grayi;Myosotella myosotis;;;;
Kirchenpaueria pinnata;Myrtea spinifera;;;;
Lafoea dumosa;Mytilus galloprovincialis;;;;
Lanice conchilega;Nais elinguis;;;;
Laomedea calceolifera;Nannocalanus minor;;;;
Lasaea adansoni;Narella versluysi;;;;
Lasaea rubra;Nausithoe punctata;;;;
Latreutes fucorum;Nemertesia antennina;;;;
Leander tenuicornis;Nemertesia ramosa;;;;
Leiopathes glaberrima;Neocalanus gracilis;;;;
Leptopsammia pruvoti;Neognathophausia ingens;;;;
Leucandra aspera;Neopycnodonte cochlear;;;;
Leucophytia bidentata;Nereis pelagica;;;;
Leucothoe spinicarpa;Nototeredo norvagica;;;;
Lima lima;Novocrania anomala;;;;
Limacia clavigera;Obelia bidentata;;;;
Limacina bulimoides;Obelia dichotoma;;;;
Limacina lesueurii;Obelia geniculata;;;;
Limacina retroversa;Octopoteuthis sicula;;;;
Limaria hians;Octopus vulgaris;;;;
Limnodrilus hoffmeisteri;Ocythoe tuberculata;;;;
Liocarcinus marmoreus;Ommastrephes bartramii;;;;
Liriope tetraphylla;Onchidella celtica;;;;
Littorina saxatilis;Ophiacantha bidentata;;;;
Loligo forbesii;Ophiocomina nigra;;;;
Lucinella divaricata;Ophiothrix fragilis;;;;
Lucinoma borealis;Oplophorus spinosus;;;;
Lumbriculus variegatus;Oppiella nova;;;;
Lumbrineris latreilli;Orchestia gammarellus;;;;
Madracis pharensis;Orchestia mediterranea;;;;
Madrepora oculata;Oribatula tibialis;;;;
Maja brachydactyla;Orthopyxis integra;;;;
Maja squinado;Oscarella lobularis;;;;
Marthasterias glacialis;Ovatella vulcani;;;;
Mecynocera clausi;Pachygrapsus marmoratus;;;;
Melarhaphe neritoides;Pachymerium ferrugineum;;;;
Mesocalanus tenuicornis;Pagurus prideaux;;;;
Metaverruca recta;Palaemon elegans;;;;
Microcosmus exasperatus;Palaemon serratus;;;;
Mimachlamys varia;Palinurus elephas;;;;
Miracia efferata;Palliolum incomparabile;;;;
Monocorophium sextonae;Paracentrotus lividus;;;;
Munida intermedia;Paractaea rufopunctata;;;;
Myosotella myosotis;Paragnathia formica;;;;
Myrtea spinifera;Paragorgia arborea;;;;
Mytilus galloprovincialis;Paragorgia johnsoni;;;;
Nais elinguis;Paramuricea biscaya;;;;
Nannocalanus minor;Paranthura nigropunctata;;;;
Narella versluysi;Parvicardium exiguum;;;;
Nausithoe punctata;Patella caerulea;;;;
Nemertesia antennina;Pecten maximus;;;;
Nemertesia ramosa;Pedipes pedipes;;;;
Neocalanus gracilis;Pelagia noctiluca;;;;
Neognathophausia ingens;Peltodoris atromaculata;;;;
Neopycnodonte cochlear;Pennaria disticha;;;;
Nereis pelagica;Periclimenes sagittifer;;;;
Nototeredo norvagica;Periclimenes scriptus;;;;
Novocrania anomala;Periclimenes wirtzi;;;;
Obelia bidentata;Phidiana lynceus;;;;
Obelia dichotoma;Philocheras bispinosus;;;;
Obelia geniculata;Phorbas plumosus;;;;
Octopoteuthis sicula;Phorbas tenacior;;;;
Octopus vulgaris;Phoronis hippocrepia;;;;
Ocythoe tuberculata;Phoronopsis harmeri;;;;
Ommastrephes bartramii;Phtisica marina;;;;
Onchidella celtica;Pisione remota;;;;
Ophiacantha bidentata;Placida cremoniana;;;;
Ophiocomina nigra;Platynereis dumerilii;;;;
Ophiothrix fragilis;Plesionika martia;;;;
Oplophorus spinosus;Pleuromamma abdominalis;;;;
Oppiella nova;Pleuromamma borealis;;;;
Orchestia gammarellus;Pleuromamma xiphias;;;;
Orchestia mediterranea;Plumularia setacea;;;;
Oribatula tibialis;Podocerus variegatus;;;;
Orthopyxis integra;Polycarpa tenera;;;;
Oscarella lobularis;Polycera quadrilineata;;;;
Ovatella vulcani;Polycheles typhlops;;;;
Pachygrapsus marmoratus;Polymastia penicillus;;;;
Pachymerium ferrugineum;Polyophthalmus pictus;;;;
Pagurus prideaux;Pontellina plumata;;;;
Palaemon elegans;Procambarus clarkii;;;;
Palaemon serratus;Prosuberites longispinus;;;;
Palinurus elephas;Psammechinus miliaris;;;;
Palliolum incomparabile;Pseudarchaster parelii;;;;
Paracentrotus lividus;Pseudocalanus elongatus;;;;
Paractaea rufopunctata;Pseudomelampus exiguus;;;;
Paragnathia formica;Pteria hirundo;;;;
Paragorgia arborea;Pyrosoma atlanticum;;;;
Paragorgia johnsoni;Radicipes gracilis;;;;
Paramuricea biscaya;Raspaciona aculeata;;;;
Paranthura nigropunctata;Rhincalanus cornutus;;;;
Parvicardium exiguum;Rhopalonema velatum;;;;
Patella caerulea;Runcina adriatica;;;;
Pecten maximus;Sabella pavonina;;;;
Pedipes pedipes;Sarcotragus spinosulus;;;;
Pelagia noctiluca;Sarsia tubulosa;;;;
Peltodoris atromaculata;Savalia savaglia;;;;
Pennaria disticha;Schizoporella dunkeri;;;;
Periclimenes sagittifer;Scolecithrix danae;;;;
Periclimenes scriptus;Scoloplos armiger;;;;
Periclimenes wirtzi;Scyllarides latus;;;;
Phidiana lynceus;Scyllarus arctus;;;;
Philocheras bispinosus;Scyllarus pygmaeus;;;;
Phorbas plumosus;Sertularella ellisii;;;;
Phorbas tenacior;Sertularella gayi;;;;
Phoronis hippocrepia;Sertularella mediterranea;;;;
Phoronopsis harmeri;Smilium acutum;;;;
Phtisica marina;Solemya togata;;;;
Pisione remota;Spatangus raschi;;;;
Placida cremoniana;Sphaerechinus granularis;;;;
Platorchestia monodi;Spirula spirula;;;;
Platorchestia platensis;Spondylus gaederopus;;;;
Platynereis dumerilii;Striarca lactea;;;;
Plesionika martia;Styliola subula;;;;
Pleuromamma abdominalis;Subeucalanus crassus;;;;
Pleuromamma borealis;Sycon ciliatum;;;;
Pleuromamma xiphias;Systellaspis debilis;;;;
Plumularia setacea;Talitrus saltator;;;;
Podocerus variegatus;Talochlamys multistriata;;;;
Polycarpa tenera;Talochlamys pusio;;;;
Polycera quadrilineata;Tanystylum orbiculare;;;;
Polycheles typhlops;Tectarius striatus;;;;
Polymastia penicillus;Tectura virginea;;;;
Polyophthalmus pictus;Tellimya ferruginosa;;;;
Pontellina plumata;Temora longicornis;;;;
Procambarus clarkii;Temora stylifera;;;;
Prosuberites longispinus;Teredora malleolus;;;;
Protatlanta souleyeti;Tethya aurantium;;;;
Psammechinus miliaris;Thracia phaseolina;;;;
Pseudarchaster parelii;Tonna galea;;;;
Pseudocalanus elongatus;Tricolia pullus;;;;
Pseudomelampus exiguus;Trinchesia caerulea;;;;
Pteria hirundo;Tubifex tubifex;;;;
Pyrosoma atlanticum;Tylodina perversa;;;;
Radicipes gracilis;Ulosa digitata;;;;
Raspaciona aculeata;Undeuchaeta major;;;;
Rhincalanus cornutus;Undinula vulgaris;;;;
Rhopalonema velatum;Velella velella;;;;
Runcina adriatica;Venus verrucosa;;;;
Sabella pavonina;Verruca stroemia;;;;
Sarcotragus spinosulus;Weinkauffia macandrewii;;;;
Sarsia tubulosa;Xenobalanus globicipitis;;;;
Savalia savaglia;Xylophaga dorsalis;;;;
Schizoporella dunkeri;Zanclea costata;;;;
Scolecithrix danae;;;;;
Scoloplos armiger;;;;;
Scyllarides latus;;;;;
Scyllarus arctus;;;;;
Scyllarus pygmaeus;;;;;
Sertularella ellisii;;;;;
Sertularella gayi;;;;;
Sertularella mediterranea;;;;;
Smilium acutum;;;;;
Solemya togata;;;;;
Spatangus raschi;;;;;
Sphaerechinus granularis;;;;;
Spirula spirula;;;;;
Spondylus gaederopus;;;;;
Striarca lactea;;;;;
Styliola subula;;;;;
Subeucalanus crassus;;;;;
Sycon ciliatum;;;;;
Systellaspis debilis;;;;;
Talitrus saltator;;;;;
Talochlamys multistriata;;;;;
Talochlamys pusio;;;;;
Tanystylum orbiculare;;;;;
Tectarius striatus;;;;;
Tectura virginea;;;;;
Tellimya ferruginosa;;;;;
Temora longicornis;;;;;
Temora stylifera;;;;;
Teredora malleolus;;;;;
Tethya aurantium;;;;;
Thracia phaseolina;;;;;
Tonna galea;;;;;
Tricolia pullus;;;;;
Trinchesia caerulea;;;;;
Tubifex tubifex;;;;;
Tylodina perversa;;;;;
Ulosa digitata;;;;;
Undeuchaeta major;;;;;
Undinula vulgaris;;;;;
Velella velella;;;;;
Venus verrucosa;;;;;
Verruca stroemia;;;;;
Weinkauffia macandrewii;;;;;
Xenobalanus globicipitis;;;;;
Xylophaga dorsalis;;;;;
Zanclea costata;;;;;
