"";"processid";"sampleid";"recordID";"catalognum";"fieldnum";"institution_storing";"collection_code";"bin_uri";"phylum_taxID";"phylum_name";"class_taxID";"class_name";"order_taxID";"order_name";"family_taxID";"family_name";"subfamily_taxID";"subfamily_name";"genus_taxID";"genus_name";"species_taxID";"species_name";"subspecies_taxID";"subspecies_name";"identification_provided_by";"identification_method";"identification_reference";"tax_note";"voucher_status";"tissue_type";"collection_event_id";"collectors";"collectiondate_start";"collectiondate_end";"collectiontime";"collection_note";"site_code";"sampling_protocol";"lifestage";"sex";"reproduction";"habitat";"associated_specimens";"associated_taxa";"extrainfo";"notes";"lat";"lon";"coord_source";"coord_accuracy";"elev";"depth";"elev_accuracy";"depth_accuracy";"country";"province_state";"region";"sector";"exactsite";"image_ids";"image_urls";"media_descriptors";"captions";"copyright_holders";"copyright_years";"copyright_licenses";"copyright_institutions";"photographers";"sequenceID";"markercode";"genbank_accession";"nucleotides";"trace_ids";"trace_names";"trace_links";"run_dates";"sequencing_centers";"directions";"seq_primers";"marker_codes";"number";"GenbankMined"
"846";"CEPIR001-13";"2963";3083338;"IE-2012-902";"2963";"Museum National d'Histoire Naturelle, Paris";NA;"BOLD:ACC6871";4;"Echinodermata";33;"Crinoidea";163;"Comatulida";816;"Antedonidae";515424;"Antedoninae";96309;"Antedon";217285;"Antedon bifida";NA;"";"Pierre Chevaldonne";"";"";NA;"";"";NA;"";NA;NA;"";"";"";"";"";"";"";"";"";NA;"";"";35,888;-5,283;"";NA;NA;30;NA;NA;"Mediterranean Sea";"";"";"";"";"";"";"";"";"";"";"";"";"";4971880;"18S";"KC626696";"ACTGCGGATGGCTCATTAAATCAGTTATGGTTCCTTGGAACTGAGTTACCTACATGGATAACTGTGGTAATTCTAGAGCTAATACATGCGAACAAGCGCCGACCTAGCGGAAGGCGTGCTTTTATTAGGAACAAGGCCAATGCGGGCTTGCCCGCTCCCCTTGGTGAACTCTGGATAACTTTGCTGATCGCACGGTCTAGCACCGGCGACGGATCCTTCAAATGTCTGCCCTATCAACTTTCGATGGTACGTTATGCGCCTACCATGGTCGTCACGGGTAACGGAGAATCAGGGTTCGATTCCGGAGAGGGAGCTTGAGAAACGGCTACCACATCCAAGGAAGGCAGCAGGCGCGCAAATTACCCACTCCTGACACAGGGAGGTAGTGACGAAAAATAACAATACAGGTCTCTCTCGAGGCCCTGTAATTGGAATGAGTACACTTTAAATCCTTTAACGAGGATCTATTGGAGGGCAAGTCTGGTGCCAGCAGCCGCGGTAATTCCAGCTCCAATAGCGTATATTAAAGCTGTTGCAGTTAAAAAGCTCGTAGTTGGATCTTGGGCCTAGGCTCGCGGTCCGCCGCAAGGCGTGTCACTGCCCGTCCTGGCCTTTCTCTCGGTTTTCACCCGGTGCTCTTGATTGAGTGGCGGGGGTGACCGGAACGTTTACTTTGAAAAAATTAGAGTGTTCAAAGCAGGCCATACGCCTGAATAGCAGAGCATGGAATAATGGAATAGGACCTTGGTTCTATTGCGTTGGTTTTCGGAACTCGAGGTAATGATGACACAGGGAGGTAGTGACGAAAAATAACAATACAGGTCTCTCTCGAGGCCCTGTAATTGGAATGAGTACACTTTAAATCCTTTAACGAGGATCTATTGGAGGGCAAGTCTGGTGCCAGCAGCCGCGGTAATTCCAGCTCCAATAGCGTATATTAAAGCTGTTGCAGTTAAAAAGCTCGTAGTTGGATCTTGGGCCTAGGCTCGCGGTCCGCCGCAAGGCGTGTCACTGCCCGTCCTGGCCTTTCTCTCGGTTTTCACCCGGTGCTCTTGATTGAGTGGCGGGGGTGACCGGAACGTTTACTTTGAAAAAATTAGAGTGTTCAAAGCAGGCCATACGCCTGAATAGCAGAGCATGGAATAATGGAATAGGACCTTGGTTCTATTGCGTTGGTTTTCGGAACTCGAGGTAATGATTAAGAGGGACTGACGGGGGCATTCGTATTGCGGTGTGAGAGGTGAAATTCTTGGATCGCCGCAAGACGACCGACTGCGAAAGCATTTGCCAAGAATGTTTTCATTAATCAAGAACGAAAGTTAGAGGTTCGAAGGCGATCAGATACCGCCCTAGTTCTAACCATAAACGATGCCGACTGGCGATCCGCCGGCGTTACTCCAATGACGCGGCGGGCAGTCTACGGGAAACCAAAGTCTTTGGGTTCCGGGGGAAGTATGGTTGCAAAGCTGAAACTTAAAGGAATTGACGGAAGGGCACCACCAGGCGTGGAGCCTGCGGCTTAATTTGACTCAACACGGGAAAACTCACCCGGCCCGGACACGCACCACCAGGCGTGGAGCCTGCGGCTTAATTTGACTCAACACGGGAAAACTCACCCGGCCCGGACACAGTGAGGATTGACAGATTGAGAGCTCTTTCTTGATTTTGTGGGTGGTGGTGCATGGCCGTTCTTAGTTGGTGGAGCGATTTGTCTGGTTAATTCCGATAACGAACGAGACTCTGGCTTGCTAAATAGTTGCGCCACCCGTTGCGGTGGGCGCTTAACTTCTTAGAGGGACAAGTGGCGTTTAGCCACGCGAGATTGAGCAATAACAGGTCTGTGATGCCCTTAGATGTTCGGGGCCGCACGCGCGCTACACTGAAAGAATCAGCGTGTTTGCCCTTGGCCGACAGGTCTGGGTAATCCGTTGAACCTCTTTCGTGCTAGGGATAGGGACTTGTAATTATTTCCCTTCAACGAGGAATGCCCAGTAAGCGCGAGTCATCAGCTCGCGTTGATTACGTCCCTGCCCTTTGTACACACCGCCCGTCGCTACTACCGATTGAATGGTTTAGTGAGATCATCGGATCGGCCGTGTCGGTTTTACCGTTCACGTGCCGAAAAGACGCTCAAACTTGATCATTTA";"";"";"";"";"";"";"";"";2147;FALSE
"848";"CEPIR035-13";"EV008";3083372;"IE-2012-913";"EV008";"Museum National d'Histoire Naturelle, Paris";NA;"BOLD:ACC7060";4;"Echinodermata";33;"Crinoidea";163;"Comatulida";816;"Antedonidae";NA;"";217331;"Leptometra";217332;"Leptometra celtica";NA;"";"Marc P. Eleaume";"";"";NA;"";"";NA;"";NA;NA;"";"";"";"";"";"";"";"";"";NA;"";"";45,929;-3,74;"";NA;NA;165;NA;NA;"Atlantic Ocean";"";"";"";"";"";"";"";"";"";"";"";"";"";4971914;"18S";"KC626749";"ACTGCGGATGGCTCATTAAATCAGTTATGGTTCCTTGGAACTGAGTTACCTACATGGATAACTGTGGTAATTCTAGAGCTAATACATGCGAACAAGCGCCGACCTCACGGAAGGCGTGCTTTTATTAGGAACAAGGCCAATGCGGGCTTGCCCGCTCCCCTTGGTGAACTCTGGATAACTTTGCTGATCGCACGGTCTAGCACCGGCGACGGATCCTTCAAATGTCTGCCCTATCAACTTTCGATGGTACGTTATGCGCCTACCATGGTCGTCACGGGTAACGGAGAATCAGGGTTCGATTCCGGAGAGGGAGCTTGAGAAACGGCTACCACATCCAAGGAAGGCAGCAGGCGCGCAAATTACCCACTCCTGACACAGGGAGGTAGTGACGAAAAATAACAATACAGGTCTCTCTCGAGGCCCTGTAATTGGAATGAGTACACTTTAAATCCTTTAACGAGGATCTATTGGAGGGCAAGTCTGGTGCCAGCAGCCGCGGTAATTCCAGCTCCAATAGCGTATATTAAAGCTGTTGCAGTTAAAAAGCTCGTAGTTGGATCTTGGGCCTAGGCTCGCGGTCCGCCGCAAGGCGTGTTACTGCCCGTCCTGGCCTTTCTCTCGGTTTTCACCCGGTGCTCTTGATTGAGTGGCGGGGGTGACCGGAACGTTTACTTTGAAAAAATTAGAGTGTTCAAAGCAGGCCATACGCCTGAATAGCAGAGCATGGAATAATGGAATAGGACCTTGGTTCTATTGCGTTGGTTTTCGGAACTCGAGGTAATGATGACACAGGGAGGTAGTGACGAAAAATAACAATACAGGTCTCTCTCGAGGCCCTGTAATTGGAATGAGTACACTTTAAATCCTTTAACGAGGATCTATTGGAGGGCAAGTCTGGTGCCAGCAGCCGCGGTAATTCCAGCTCCAATAGCGTATATTAAAGCTGTTGCAGTTAAAAAGCTCGTAGTTGGATCTTGGGCCTAGGCTCGCGGTCCGCCGCAAGGCGTGTTACTGCCCGTCCTGGCCTTTCTCTCGGTTTTCACCCGGTGCTCTTGATTGAGTGGCGGGGGTGACCGGAACGTTTACTTTGAAAAAATTAGAGTGTTCAAAGCAGGCCATACGCCTGAATAGCAGAGCATGGAATAATGGAATAGGACCTTGGTTCTATTGCGTTGGTTTTCGGAACTCGAGGTAATGATTAAGAGGGACTGACGGGGGCATTCGTATTGCGGTGTGAGAGGTGAAATTCTTGGATCGCCGCAAGACGACCGACTGCGAAAGCATTTGCCAAGAATGTTTTCATTAATCAAGAACGAAAGTTAGAGGTTCGAAGGCGATCAGATACCGCCCTAGTTCTAACCATAAACGATGCCGACTGGCGATCCGCCGGCGTTACTCCAATGACGCGGCGGGCAGTCTACGGGAAACCAAAGTCTTTGGGTTCCGGGGGAAGTATGGTTGCAAAGCTGAAACTTAAAGGAATTGACGGAAGGGCACCACCAGGCGTGGAGCCTGCGGCTTAATTTGACTCAACACGGGAAAACTCACCCGGCCCGGACACGCACCACCAGGCGTGGAGCCTGCGGCTTAATTTGACTCAACACGGGAAAACTCACCCGGCCCGGACACAGTGAGGATTGACAGATTGAGAGCTCTTTCTTGATTTTGTGGGTGGTGGTGCATGGCCGTTCTTAGTTGGTGGAGCGATTTGTCTGGTTAATTCCGATAACGAACGAGACTCTGGCTTGCTAAATAGTTGCGCCACCCGTTGTGGTGAGCGCTTAACTTCTTAGAGGGACAAGTGGCGTTTAGCCACGCGAGATTGAGCAATAACAGGTCTGTGATGCCCTTAGATGTTCGGGGCCGCACGCGCGCTACACTGAAAGAATCAGCGTGTTTGCCCTTGGCCGACAGGTCTGGGTAATCCGTTGAACCTCTTTCGTGCTAGGGATAGGGACTTGTAATTATTTCCCTTCAACGAGGAATGCCCAGTAAGCGCGAGTCATCAGCTCGCGTTGATTACGTCCCTGCCCTTTGTACACACCGCCCGTCGCTACTACCGATTGAATGGTTTAGTGAGATCATCGGATCGGCCGTGTCGGTTTTACCGTTCACGTGCCGAAAAGACGCTCAAACTTGATCATTTA";"";"";"";"";"";"";"";"";2147;FALSE
"2555";"FLUKE2358-14";"Bm.Alep.Gar.1.1";4210568;"CMNPA 2014-0036";"Bm.Alep.Gar.1.1";"Canadian Museum of Nature";NA;"BOLD:ACK9769";5;"Platyhelminthes";36;"Trematoda";167;"Plagiorchiida";344453;"Hirudinellidae";NA;"";344454;"Botulus";344455;"Botulus microporus";NA;"";"";"";"Mont., 1889";NA;"";"";NA;"Peter Wirtz";NA;NA;"";"";"";"";"A";"H";"";"";"";NA;"ex Alepisaurus sp.";"";32,638;-16,852;"";NA;NA;NA;NA;NA;"Portugal";"";"";"Funchal";"beach of Garajau";"";"";"";"";"";"";"";"";"";5993531;"18S";"KM538130";"TCTCAGAGATTAAGCCATGCATGTCTAAGTACAGACCTTCAAACGGTGAAACCGCGAATGGCTCATTAAATCAGCTATGGTTCCTTAGATCGTACAAACTACATGGATAACTGTAGTAATTCTAGAGCTAATACATGCCACTATGCCCTGACCCGCGAGGGAACGGGTGGATTTATTAGAACAGAACCAATACAGCTTTGCTGTTGAATTCTGTGATGACTCTGGATAACTTAACTGATCGCAGTCGGCCTTGTGTCGGCGACGGATCTTTCAAATGGCTGCCCTATCAATTGTCGATGGTAGGTGACCTGCCTACCATGGTAATAACGGGTAACGGGGAATCAGGGTTCGATTCCGGAGAGGGAGCCTGAGAAACGGCTACCACATCCAAGGAAGGCAGCAGGCGCGCAAATTACCCAATCCCGGTACGGGGAGGTAGTGACGAAAAATACGGAGACGGGACTCTTCATGGGCCTCCGACATCCGAATGAGTACACTTTAAATCCTTTAACGAGGAACAACTGGAGGGCAAGTCTGGTGCCAGCAGCCG";"7132053|7132163";"FLUKE2358-14_18S9modF_18S637modR_F.ab1|FLUKE2358-14_18S9modF_18S637modR_R.ab1";"http://trace.boldsystems.org/traceIO/bold.org/8961448|http://trace.boldsystems.org/traceIO/bold.org/8961558";"2013-12-17 10:49:13|2013-12-17 12:00:57";"Fisheries and Oceans Canada, Pacific Biological Station|Fisheries and Oceans Canada, Pacific Biological Station";"F|R";"|";"18S|18S";550;FALSE
"3137";"AGD001-17";"Abru_AMT24_05_01";7573596;"4010128279";"";"Naturalis Biodiversity Centre";NA;"BOLD:ADG8181";23;"Mollusca";92;"Gastropoda";208508;"Littorinimorpha";85053;"Atlantidae";NA;"";656427;"Atlanta";766838;"Atlanta brunnea";NA;"";"Deborah Wall-Palmer";"";"";NA;"";"";NA;"";NA;NA;"";"";"";"";"";"";"";"";"";NA;"";"";34,7499;-26,6177;"";NA;NA;NA;NA;NA;"Atlantic Ocean";"";"";"";"AMT24_05";"3191018";"http://www.boldsystems.org/pics/AGD/Abru_AMT24_05_01+1476183833.jpg";"Apical";"";"Deborah Wall-Palmer";"2017";"CreativeCommons - Attribution Non-Commercial Share-Alike";"Naturalis Biodiversity Center";"Deborah wall-Palmer";12447444;"18S";"";"CCCATGGTGCTCTTAATTGAGCGTTTTGGGTGGCCGGAACGTTTACTTTGAAGAAATTAGAGTGTTCAAAGCAGGCTTGTCCGCCTGAATAATGGTGCATGGAATAATGGAATAGGACCTCGGTTCTATTTTGCTGGTTTTCGGAACACGAGGTAATGATTAAGAGGGACAGACGGGGGCATCCGTATTGCGGTGTTAGAGGTGAAATTCTTGGATCATCGCAAGACGAACYACTGCGAAAGCATTTGCCAAGAATGTTTTCATTAGTCAAGAACGAAAGTCAGAGGTTCGAAGACGATCAGATACCGTCGTAGTTCTGACCATAAACGATGCCAACTAGCGATCCGCTGGTGTTGCTTCATCGACTCTGCGGGCAGCTTCCGGGAAACCAAAGTCTTTGGGTTCCGGGGGAAGTATGGTTGCAAAGCTGAAACTTAAAGGAATTGACGGAAGGGCACCACCAGGAGTGGAGCCTGCGGCTTAATTTGACTCAACACGGGAAAACTCACCCGGTCCGGACACTGTAAGGATTGACAGATTGAGAGCTCTTTCTTGATTCGGTGGGTGGTGGTGCATGGCCGTTCTTAGTTGGTGGAGCGATTTGTCTGGTTAATTCCGATAACGAACGAGACTCTAGCCTACTAAATAGTCGACTGGTTCTTTATGTGTCAGTGTTGACTTCTTAGAGGGACAAGTGGCGTTTAGTCACACGAGATTGAGCAATAACAGGTCTGTGATGCCCTTAGATGTCCGGGGCCGCACGCGCGCTACATTGATGGACTCAGCGTGGCTATCTCCCTGGCTCGAGAGAGTTGGGAAACCCGTTGAATTTCCATCGTGATAGGGATTGGGGTTTGAAATTATCCCCCATGAACGAGGAATTCCCAGTAAGCGCGAGTCATAAGCTCGCGTTGATTACGT";"11383208|11383209";"e4010128279_A00_bru_DW010_18S_B-A01_M13F-18S-KP-F_M13R-1800R_M13-FP_Y180461001.ab1|e4010128279_A00_bru_DW010_18S_B-A01_M13F-18S-KP-F_M13R-1800R_M13R-pUC_Y180461097.ab1";"http://trace.boldsystems.org/traceIO/bold.org/13202242|http://trace.boldsystems.org/traceIO/bold.org/13202243";"2018-02-15 23:01:08|2018-02-16 00:58:31";"Naturalis Biodiversity Centre|Naturalis Biodiversity Centre";"F|R";"18S-KP-F|1800mod";"18S|18S";921;FALSE
"3143";"AGD004-17";"Abru_KH1110_15_02";7573599;"4012541700";"";"Naturalis Biodiversity Centre";NA;"BOLD:ADG8179";23;"Mollusca";92;"Gastropoda";208508;"Littorinimorpha";85053;"Atlantidae";NA;"";656427;"Atlanta";766838;"Atlanta brunnea";NA;"";"Deborah Wall-Palmer";"";"";NA;"";"";NA;"";NA;NA;"";"";"";"";"";"";"";"";"";NA;"";"";-23,001;-119,271;"";NA;NA;NA;NA;NA;"Pacific Ocean";"";"";"";"KH1110_15";"3191021";"http://www.boldsystems.org/pics/AGD/Abru_KH1110_15_02+1476348360.jpg";"Apical";"";"Deborah Wall-Palmer";"2017";"CreativeCommons - Attribution Non-Commercial Share-Alike";"Naturalis Biodiversity Center";"Deborah wall-Palmer";12447445;"18S";"";"NNNNNNNNNNNNNNNNNNNNNNNNNNNNNNNNNNNNNNNNNNNNNNNNNNNNNNNNNNNNNNNNNNNNNNNNNNNNNNNNNNNNNNNNNNNNNNNNNNNNNNNNNNNNNNNNNNNNNNNNNNNNNNNNNNNNNNNNNNNNNNNNNNNNNNNNNNNNNNNNNNNNNNNNNNNNNNNNNNNNNNNNNNNNNNNNNNNNNNNNNNNNNNNNNNNNNNNNNNNNNNNNNNNNNNNNNNNNNNNNNNNNNNNNNNNNNNNNNNNNNNNNNNNNNNNNNNNNNNNNNNNNNNNNNNNNNNNNNNNNNNNNNNNNNNNNNNNNNNNNNNNNNNNNNNNNNNNNNNNNNNNNNNNNNNNNNNNNNNNNNNNNNNNNNNNNNNNNNNNNNNNNNNNNNNNNNNNNNNNNNNNNNNNNNNNNNNNNNNNNNNNNNNNNNNNNNNNNNNNNNNNNNNNNNNNNNNNNNNNNNNNNNNNNNNNNNNNNNNNNNNNNNNNNNNNNNNNNNNNNNNNNNNNNNNNNNNNNNNNNNNNNNNNNNNNNNNNNNNNNNNNNNNNNNNNNNNNNNNNNNNNNNNNNNNNNNNNNNNNNNNNNNNNNNNNNNNNNNNNNNNNNNNNNNNNNNNNNNNNNNNNNNNNNNNNNNNNNNNNNNNNNNNNNNNNNNNNNNNNNNNNNNGTGTCAGTGTTGACTTCTTAGAGGGACAAGTGGCGTTTAGTCACACGAGATTGAGCAATAACAGGTCTGTGATGCCCTTAGATGTCCGGGGCCGCACGCGCGCTACATTGATGGACTCAGCGTGGCTATCTCCCTGGCTCGAGAGAGTTGGGAAACCCGTTGAATTTCCATCGTGATAGGGATTGGGGTTTGAAATTATCCCCCATGAACGAGGAATTCCCAGTAAGCGCGAGTCATAAGCTCGCGTTGATTACGT";"11383240|11383241";"e4012541700_A00_tur_MH001_18S-H10_M13F-18S-KP-F_M13R-1800R_M13-FP_Z181981176.ab1|e4012541700_A00_tur_MH001_18S-H10_M13F-18S-KP-F_M13R-1800R_M13R-pUC_Z181981368.ab1";"http://trace.boldsystems.org/traceIO/bold.org/13202274|http://trace.boldsystems.org/traceIO/bold.org/13202275";"2018-07-18 00:07:35|2018-07-18 04:02:49";"Naturalis Biodiversity Centre|Naturalis Biodiversity Centre";"F|R";"18S-KP-F|1800mod";"18S|18S";921;FALSE
"3145";"AGD005-17";"Abru_KH1110_15_03";7573600;"4012541712";"";"Naturalis Biodiversity Centre";NA;"BOLD:ADG8179";23;"Mollusca";92;"Gastropoda";208508;"Littorinimorpha";85053;"Atlantidae";NA;"";656427;"Atlanta";766838;"Atlanta brunnea";NA;"";"Deborah Wall-Palmer";"";"";NA;"";"";NA;"";NA;NA;"";"";"";"";"";"";"";"";"";NA;"";"";-23,001;-119,271;"";NA;NA;NA;NA;NA;"Pacific Ocean";"";"";"";"KH1110_15";"3191023|3191022";"http://www.boldsystems.org/pics/AGD/Abru_KH1110_15_03B+1476348360.jpg|http://www.boldsystems.org/pics/AGD/Abru_KH1110_15_03A+1476348360.jpg";"Apical|Side";"|";"Deborah Wall-Palmer|Deborah Wall-Palmer";"2017|2017";"CreativeCommons - Attribution Non-Commercial Share-Alike|CreativeCommons - Attribution Non-Commercial Share-Alike";"Naturalis Biodiversity Center|Naturalis Biodiversity Center";"Deborah wall-Palmer|Deborah wall-Palmer";12447446;"18S";"";"NNNNNNNNNNNNNNNNNNNNNNNNNNNNNNNNNNNNNNNNNNNNNNNNNNNNNNNNNNNNNNNNNNNNNNNNNNNNNNNNNNNNNNNNNNNNNNNNNNNNNNNNNNNNNNNNNAGGACNTCGGTTCTATTTTGCTGGTTTTCGGAACACGAGGTAATGATTAAGAGGGACAGACGGGGGCATCCGTATTGCGGTGTTAGAGGTGAAATTCTTGGATCATCGCAAGACGAACTACTGCGAAAGCATTNGCCAAGAATGTTTTCATTAGTCAAGAACGAAAGTCAGAGGTTCGAAGACGATCAGATACCGTCGTAGTTCTGACCATAAACGATGCCAACTAGCGATCCGCTGGTGTTGCTTCATCGACTCTGCGGGCAGCTTCCGGGAAACCAAAGTCTTTGGGTTCCGGGGGAAGTATGGTTGCAAAGCTGAAACTTAAAGGAATTGACGGAAGGGCACCACCAGGAGTGGAGCCTGCGGCTTAATTTGACTCAACACGGGAAAACTCACCCGGTCCGGACACTGTAAGGATTGACAGATTGAGAGCTCTTTCTTGATTCGGTGGGTGGTGGTGCATGGCCGTTCTTAGTTGGTGGAGCGATTTGTCTGGTTAATTCCGATAACGAACGAGACTCTAGCCTACTAAATAGTCGACTGGTTCTTTATGTGTCAGTGTTGACTTCTTAGAGGGACAAGTGGCGTTTAGTCACACGAGATTGAGCAATAACAGGTCTGTGATGCCCTTAGATGTCCGGGGCCGCACGCGCGCTACATTGATGGACTCAGCGTGGCTATCTCCCTGGCTCGAGAGAGTTGGGAAACCCGTTGAATTTCCATCGTGATAGGGATTGGGGTTTGAAATTATCCCCCATGAACGAGGAATTCCCAGTAAGCGCGAGTCATAAGCTCGCGTTGATTACGT";"11383244|11383245|11598686|11598687";"e4012541712_A00_bru_DW009_18S_A-E09_M13F-A1-F_M13R-18S-KP-R_M13R-pUC_W180331286.ab1|e4012541712_A00_bru_DW009_18S-A-E09_M13F-A1-F_M13R-18S-KP-R_M13-FP_X180331286.ab1|e4012541713_A00_hel_MH001_18S-C06_M13F-18S-KP-F_M13R-1800R_M13R-pUC_Z181981331.ab1|e4012541713_A00_hel_MH001_18S-C06_M13F-18S-KP-F_M13R-1800R_M13-FP_Z181981139.ab1";"http://trace.boldsystems.org/traceIO/bold.org/13202278|http://trace.boldsystems.org/traceIO/bold.org/13202279|http://trace.boldsystems.org/traceIO/bold.org/13417792|http://trace.boldsystems.org/traceIO/bold.org/13417793";"2018-02-03 01:52:05|2018-02-02 23:03:49|2018-07-18 04:02:49|2018-07-18 00:07:35";"Naturalis Biodiversity Centre|Naturalis Biodiversity Centre|Naturalis Biodiversity Centre|Naturalis Biodiversity Centre";"R|F|R|F";"1800mod|18S-KP-F|1800mod|18S-KP-F";"18S|18S|18S|18S";921;FALSE
"3147";"AGD006-17";"Abru_KH1110_21_01";7573601;"4012543177";"";"Naturalis Biodiversity Centre";NA;"BOLD:ADG8179";23;"Mollusca";92;"Gastropoda";208508;"Littorinimorpha";85053;"Atlantidae";NA;"";656427;"Atlanta";766838;"Atlanta brunnea";NA;"";"Deborah Wall-Palmer";"";"";NA;"";"";NA;"";NA;NA;"";"";"";"";"";"";"";"";"";NA;"";"";-23,001;-100;"";NA;NA;NA;NA;NA;"Pacific Ocean";"";"";"";"KH1110_21";"3191024";"http://www.boldsystems.org/pics/AGD/Abru_KH1110_21_01+1476348360.jpg";"Apical";"";"Deborah Wall-Palmer";"2017";"CreativeCommons - Attribution Non-Commercial Share-Alike";"Naturalis Biodiversity Center";"Deborah wall-Palmer";12447447;"18S";"";"CCCATGGTGCTCTTAATTGAGCGTTTTGGGTGGCCGGAACGTTTACTTTGAAGAAATTAGAGTGTTCAAAGCAGGCTTGTCCGCCTGAATAATGGTGCATGGAATAATGGAATAGGACCTCGGTTCTATTTTGCTGGTTTTCGGAACACGAGGTAATGATTAAGAGGGACAGACGGGGGCATCCGTATTGCGGTGTTAGAGGTGAAATTCTTGGATCATCGCAAGACGAACTACTGCGAAAGCATTTGCCAAGAATGTTTTCATTAGTCAAGAACGAAAGTCAGAGGTTCGAAGACGATCAGATACCGTCGTAGTTCTGACCATAAACGATGCCAACTAGCGATCCGCTGGTGTTGCTTCATCGACTCTGCGGGCAGCTTCCGGGAAACCAAAGTCTTTGGGTTCCGGGGGAAGTATGGTTGCAAAGCTGAAACTTAAAGGAATTGACGGAAGGGCACCACCAGGAGTGGAGCCTGCGGCTTAATTTGACTCAACACGGGAAAACTCACCCGGTCCGGACACTGTAAGGATTGACAGATTGAGAGCTCTTTCTTGATTCGGTGGGTGGTGGTGCATGGCCGTTCTTAGTTGGTGGAGCGATTTGTCTGGTTAATTCCGATAACGAACGAGACTCTAGCCTACTAAATAGTCGACTGGTTCTTTATGTGTCAGTGTTGACTTCTTAGAGGGACAAGTGGCGTTTAGTCACACGAGATTGAGCAATAACAGGTCTGTGATGCCCTTAGATGTCCGGGGCCGCACGCGCGCTACATTGATGGACTCAGCGTGGCTATCTCCCTGGCTCGAGAGAGTTGGGAAACCCGTTGAATTTCCATCGTGATAGGGATTGGGGTTTGAAATTATCCCCCATGAACGAGGAATTCCCAGTAAGCGCGAGTCATAAGCTCGCGTTGATTACGT";"11383254|11383255|11598573|11598572";"e4012543177_A00_bru_DW010_18S_B-G10_M13F-18S-KP-F_M13R-1800R_M13-FP_Y180461079.ab1|e4012543177_A00_bru_DW010_18S_B-G10_M13F-18S-KP-F_M13R-1800R_M13R-pUC_Y180461175.ab1|e4012543181_A00_inc_DW010_18S_B-B11_M13F-18S-KP-F_M13R-1800R_M13-FP_Y180461082.ab1|e4012543181_A00_inc_DW010_18S_B-B11_M13F-18S-KP-F_M13R-1800R_M13R-pUC_Y180461178.ab1";"http://trace.boldsystems.org/traceIO/bold.org/13202288|http://trace.boldsystems.org/traceIO/bold.org/13202289|http://trace.boldsystems.org/traceIO/bold.org/13417679|http://trace.boldsystems.org/traceIO/bold.org/13417678";"2018-02-15 23:01:08|2018-02-16 00:58:31|2018-02-15 23:01:08|2018-02-16 00:58:31";"Naturalis Biodiversity Centre|Naturalis Biodiversity Centre|Naturalis Biodiversity Centre|Naturalis Biodiversity Centre";"F|R|F|R";"18S-KP-F|1800mod|18S-KP-F|1800mod";"18S|18S|18S|18S";921;FALSE
"3151";"AGD007-17";"Abru_KH1110_21_03";7573602;"4012543201";"";"Naturalis Biodiversity Centre";NA;"BOLD:ADG8179";23;"Mollusca";92;"Gastropoda";208508;"Littorinimorpha";85053;"Atlantidae";NA;"";656427;"Atlanta";766838;"Atlanta brunnea";NA;"";"Deborah Wall-Palmer";"";"";NA;"";"";NA;"";NA;NA;"";"";"";"";"";"";"";"";"";NA;"";"";-23,001;-100;"";NA;NA;NA;NA;NA;"Pacific Ocean";"";"";"";"KH1110_21";"3191025";"http://www.boldsystems.org/pics/AGD/Abru_KH1110_21_03+1476348360.jpg";"Apical";"";"Deborah Wall-Palmer";"2017";"CreativeCommons - Attribution Non-Commercial Share-Alike";"Naturalis Biodiversity Center";"Deborah wall-Palmer";12447448;"18S";"";"NNNNNNNNNNNNNNNNNNNNNNNNNNNNNNNNNNNNNNNNNNNNNNNNNNNNNNNNNNNNNNNNNNNNNNNNNNNNNNNNNNNNNNNNNNNNNGGTGCATGGAATAATGGAATAGGACCTCGGTTCTATTTTGCTGGGTTTCGGAACACGAGGTAATGATTAAGAGGGACAGACGGGGGCATCCGTATTGCGGTGTTAGAGGKGAAATTCTTGGATCATCGCAAGACGAACTACTGCGAAAGCATTTGCCAAGAATGTTTTCATTAGTCAAGAACGAAAGTCAGAGGTTCGAAGACGATCAGATACCGTCGTAGTTCTGACCATAAACGATGCCAACTAGCGATCCGCTGGTGTTGCTTCATCGACTCTGCGGGCAGCTTCCGGGAAACCAAAGTCTTTGGGTTCCGGGGGAAGTATGGTTGCAAAGCTGAAACTTAAAGGAATTGACGGAAGGGCACCACCAGGAGTGGAGCCTGCGGCTTAATTTGACTCAACACGGGAAAACTCACCCGGTCCGGACACTGTAAGGATTGACAGATTGAGAGCTCTTTCTTGATTCGGTGGGTGGTGGTGCATGGCCGTTCTTAGTTGGTGGAGCGATTTGTCTGGTTAATTCCGATAACGAACGAGACTCTAGCCTACTAAATAGTCGACTGGTTCTTTATGTGTCAGTGTTGACTTCTTAGAGGGACAAGTGGCGTTTAGTCACACGAGATTGAGCAATAACAGGTCTGTGATGCCCTTAGATGTCCGGGGCCGCACGCGCGCTACATTGATGGACTCAGCGTGGCTATCTCCCTGGCTCGAGAGAGTTGGGAAACCCGTTGAATTTCCATCGTGATAGGGATTGGGGTTTGAAATTATCCCCCATGAACGAGGAATTCCCAGTAAGCGCGAGTCATAAGCTCGCGTTGATTACGT";"11383257|11598556|11598557";"e4012543201_A00_bru_DW010_18S_B-A12_M13F-18S-KP-F_M13R-1800R_M13R-pUC_Y180461185.ab1|e4012543203_A00_ros_DW010_18S_B-B12_M13F-18S-KP-F_M13R-1800R_M13R-pUC_Y180461186.ab1|e4012543203_A00_ros_DW010_18S_B-B12_M13F-18S-KP-F_M13R-1800R_M13-FP_Y180461090.ab1";"http://trace.boldsystems.org/traceIO/bold.org/13202291|http://trace.boldsystems.org/traceIO/bold.org/13417662|http://trace.boldsystems.org/traceIO/bold.org/13417663";"2018-02-16 00:58:31|2018-02-16 00:58:31|2018-02-15 23:01:08";"Naturalis Biodiversity Centre|Naturalis Biodiversity Centre|Naturalis Biodiversity Centre";"R|R|F";"1800mod|1800mod|18S-KP-F";"18S|18S|18S";921;FALSE
"3154";"AGD008-17";"Abru_SN105_04_01";7573603;"4012516928";"";"Naturalis Biodiversity Centre";NA;"BOLD:ADG8180";23;"Mollusca";92;"Gastropoda";208508;"Littorinimorpha";85053;"Atlantidae";NA;"";656427;"Atlanta";766838;"Atlanta brunnea";NA;"";"Deborah Wall-Palmer";"";"";NA;"";"";NA;"";NA;NA;"";"";"";"";"";"";"";"";"";NA;"";"";8,02;67,08;"";NA;NA;NA;NA;NA;"Indian Ocean";"";"";"";"SN105_04";"3191027|3191026";"http://www.boldsystems.org/pics/AGD/Abru_SN105_04_01B+1476184072.jpg|http://www.boldsystems.org/pics/AGD/Abru_SN105_04_01A+1476184072.jpg";"Side|Apical";"|";"Deborah Wall-Palmer|Deborah Wall-Palmer";"2017|2017";"CreativeCommons - Attribution Non-Commercial Share-Alike|CreativeCommons - Attribution Non-Commercial Share-Alike";"Naturalis Biodiversity Center|Naturalis Biodiversity Center";"Deborah wall-Palmer|Deborah wall-Palmer";12447449;"18S";"";"CCCATGGTGCTCTTAATTGAGCGTTTTGGGTGGCCGGAACGTTTACTTTGAAGAAATTAGAGTGTTCAAAGCAGGCTTGTCCGCCTGAATAATGGTGCATGGAATAATGGAATAGGACCTCGGTTCTATTTTGCTGGTTTTCGGAACACGAGGTAATGATTAAGAGGGACAGACGGGGGCATCCGTATTGCGGTGTTAGAGGTGAAATTCTTGGATCATCGCAAGACGAACTACTGCGAAAGCATTTGCCAAGAATGTTTTCATTAGTCAAGAACGAAAGTCAGAGGTTCGAAGACGATCAGATACCGTCGTAGTTCTGACCATAAACGATGCCAACTAGCGATCCGCTGGTGTTGCTTCATCGACTCTGCGGGCAGCTTCCGGGAAACCAAAGTCTTTGGGTTCCGGGGGAAGTATGGTTGCAAAGCTGAAACTTAAAGGAATTGACGGAAGGGCACCACCAGGAGTGGAGCCTGCGGCTTAATTTGACTCAACACGGGAAAACTCACCCGGTCCGGACACTGTAAGGATTGACAGATTGAGAGCTCTTTCTTGATTCGGTGGGTGGTGGTGCATGGCCGTTCTTAGTTGGTGGAGCGATTTGTCTGGTTAATTCCGATAACGAACGAGACTCTAGCCTACTAAATAGTCGACTGGTTCTTTATGTGTCAGTGTTGACTTCTTAGAGGGACAAGTGGCGTTTAGTCACACGAGATTGAGCAATAACAGGTCTGTGATGCCCTTAGATGTCCGGGGCCGCACGCGCGCTACATTGATGGACTCAGCGTGGCTATCTCCCTGGCTCGAGAGAGTTGGGAAACCCGTTGAATTTCCATCGTGATAGGGATTGGGGTTTGAAATTATCCCCCATGAACGAGGAATTCCCAGTAAGCGCGAGTCATAAGCTCGCGTTGATTACGT";"11383228|11383229";"e4012516928_A00_bru_DW011_18S_B-E09_M13F-18S-KP-F_M13R-1800R_M13-FP_Z180461069.ab1|e4012516928_A00_bru_DW011_18S_B-E09_M13F-18S-KP-F_M13R-1800R_M13R-pUC_Z180461165.ab1";"http://trace.boldsystems.org/traceIO/bold.org/13202262|http://trace.boldsystems.org/traceIO/bold.org/13202263";"2018-02-15 21:13:45|2018-02-15 23:11:34";"Naturalis Biodiversity Centre|Naturalis Biodiversity Centre";"F|R";"18S-KP-F|1800mod";"18S|18S";921;FALSE
"3158";"AGD011-17";"Abru_SN105_08_02";7573606;"4012516896";"";"Naturalis Biodiversity Centre";NA;"BOLD:ADG8180";23;"Mollusca";92;"Gastropoda";208508;"Littorinimorpha";85053;"Atlantidae";NA;"";656427;"Atlanta";766838;"Atlanta brunnea";NA;"";"Deborah Wall-Palmer";"";"";NA;"";"";NA;"";NA;NA;"";"";"";"";"";"";"";"";"";NA;"";"";4,38;67;"";NA;NA;NA;NA;NA;"Indian Ocean";"";"";"";"SN105_08";"3191031";"http://www.boldsystems.org/pics/AGD/Abru_SN105_08_02+1476184107.jpg";"Apical";"";"Deborah Wall-Palmer";"2017";"CreativeCommons - Attribution Non-Commercial Share-Alike";"Naturalis Biodiversity Center";"Deborah wall-Palmer";12447450;"18S";"";"CCCATGGTGCTCTTAATTGAGCGTTTTGGGTGGCCGGAACGTTTACTTTGAAGAAATTAGAGTGTTCAAAGCAGGCTTGTCCGCCTGAATAATGGTGCATGGAATAATGGAATAGGACCTCGGTTCTATTTTGCTGGTTTTCGGAACACGAGGTAATGATTAAGAGGGACAGACGGGGGCATCCGTATTGCGGTGTTAGAGGTGAAATTCTTGGATCATCGCAAGACGAACTACTGCGAAAGCATTTGCCAAGAATGTTTTCATTAGTCAAGAACGAAAGTCAGAGGTTCGAAGACGATCAGATACCGTCGTAGTTCTGACCATAAACGATGCCAACTAGCGATCCGCTGGTGTTGCTTCATCGACTCTGCGGGCAGCTTCCGGGAAACCAAAGTCTTTGGGTTCCGGGGGAAGTATGGTTGCAAAGCTGAAACTTAAAGGAATTGACGGAAGGGCACCACCAGGAGTGGAGCCTGCGGCTTAATTTGACTCAACACGGGAAAACTCACCCGGTCCGGACACTGTAAGGATTGACAGATTGAGAGCTCTTTCTTGATTCGGTGGGTGGTGGTGCATGGCCGTTCTTAGTTGGTGGAGCGATTTGTCTGGTTAATTCCGATAACGAACGAGACTCTAGCCTACTAAATAGTCGACTGGTTCTTTATGTGTCAGTGTTGACTTCTTAGAGGGACAAGTGGCGTTTAGTCACACGAGATTGAGCAATAACAGGTCTGTGATGCCCTTAGATGTCCGGGGCCGCACGCGCGCTACATTGATGGACTCAGCGTGGCTATCTCCCTGGCTCGAGAGAGTTGGGAAACCCGTTGAATTTCCATCGTGATAGGGATTGGGGTTTGAAATTATCCCCCATGAACGAGGAATTCCCAGTAAGCGCGAGTCATAAGCTCGCGTTGATTACGT";"11383220|11383221";"e4012516896_A00_bru_DW011_18S_B-F08_M13F-18S-KP-F_M13R-1800R_M13-FP_Z180461062.ab1|e4012516896_A00_bru_DW011_18S_B-F08_M13F-18S-KP-F_M13R-1800R_M13R-pUC_Z180461158.ab1";"http://trace.boldsystems.org/traceIO/bold.org/13202254|http://trace.boldsystems.org/traceIO/bold.org/13202255";"2018-02-15 21:13:45|2018-02-15 23:11:34";"Naturalis Biodiversity Centre|Naturalis Biodiversity Centre";"F|R";"18S-KP-F|1800mod";"18S|18S";921;FALSE
"3168";"ATCP003-19";"Abru_AMT27_09_01";10402778;"4012526761";"";"Naturalis Biodiversity Centre";NA;"BOLD:ADG8181";23;"Mollusca";92;"Gastropoda";208508;"Littorinimorpha";85053;"Atlantidae";NA;"";656427;"Atlanta";766838;"Atlanta brunnea";NA;"";"Deborah Wall-Palmer";"";"";NA;"";"";NA;"";NA;NA;"";"";"";"";"";"";"";"";"";NA;"";"";35,303;-26,279;"";NA;NA;NA;NA;NA;"Atlantic Ocean";"";"";"";"AMT27_09";"3555784|3555785";"http://www.boldsystems.org/pics/ATCP/Abru_AMT27_09_01A+1560513377.jpeg|http://www.boldsystems.org/pics/ATCP/Abru_AMT27_09_01B+1560513377.jpeg";"Apical|Umbilical";"Adult|Adult";"|";"2019|2019";"CreativeCommons - Attribution Non-Commercial Share-Alike|CreativeCommons - Attribution Non-Commercial Share-Alike";"Naturalis Biodiversity Center|Naturalis Biodiversity Center";"Deborah Wall-Palmer|Deborah Wall-Palmer";12316345;"18S";"";"CCCATGGTGCTCTTAATTGAGCGTTTTGGGTGGCCGGAACGTTTACTTTGAAGAAATTAGAGTGTTCAAAGCAGGCTTGTCCGCCTGAATAATGGTGCATGGAATAATGGAATAGGACCTCGGTTCTATTTTGCTGGTTTTCGGAACACGAGGTAATGATTAAGAGGGACAGACGGGGGCATCCGTATTGCGGTGTTAGAGGTGAAATTCTTGGATCATCGCAAGACGAACTACTGCGAAAGCATTTGCCAAGAATGTTTTCATTAGTCAAGAACGAAAGTCAGAGGTTCGAAGACGATCAGATACCGTCGTAGTTCTGACCATAAACGATGCCAACTAGCGATCCGCTGGTGTTGCTTCATCGACTCTGCGGGCAGCTTCCGGGAAACCAAAGTCTTTGGGTTCCGGGGGAAGTATGGTTGCAAAGCTGAAACTTAAAGGAATTGACGGAAGGGCACCACCAGGAGTGGAGCCTGCGGCTTAATTTGACTCAACACGGGAAAACTCACCCGGTCCGGACACTGTAAGGATTGACAGATTGAGAGCTCTTTCTTGATTCGGTGGGTGGTGGTGCATGGCCGTTCTTAGTTGGTGGAGCGATTTGTCTGGTTAATTCCGATAACGAACGAGACTCTAGCCTACTAAATAGTCGACTGGTTCTTTATGTGTCAGTGTTGACTTCTTAGAGGGACAAGTGGCGTTTAGTCACACGAGATTGAGCAATAACAGGTCTGTGATGCCCTTAGATGTCCGGGGCCGCACGCGCGCTACATTGATGGACTCAGCGTGGCTATCTCCCTGGCTCGAGAGAGTTGGGAAACCCGTTGAATTTCCATCGTGATAGGGATTGGGGTTTGAAATTATCCCCCATGAACGAGGAATTCCCAGTAAGCGCGAGTCATAAGCTCGCGTTGATTACGT";"11361637|11361638";"e4012526761_A00_bru_MH001_18S-B04_M13F-18S-KP-F_M13R-1800R_M13-FP_Z181981122.ab1|e4012526761_A00_bru_MH001_18S-B04_M13F-18S-KP-F_M13R-1800R_M13R-pUC_Z181981314.ab1";"http://trace.boldsystems.org/traceIO/bold.org/13180671|http://trace.boldsystems.org/traceIO/bold.org/13180672";"2018-07-18 00:07:35|2018-07-18 04:02:49";"Naturalis Biodiversity Centre|Naturalis Biodiversity Centre";"F|R";"18S-KP-F|1800mod";"18S|18S";921;FALSE
"3173";"ATCP006-19";"Abru_AMT27_41_01";10402781;"4012526785";"";"Naturalis Biodiversity Centre";NA;"BOLD:ADG8181";23;"Mollusca";92;"Gastropoda";208508;"Littorinimorpha";85053;"Atlantidae";NA;"";656427;"Atlanta";766838;"Atlanta brunnea";NA;"";"Deborah Wall-Palmer";"";"";NA;"";"";NA;"";NA;NA;"";"";"";"";"";"";"";"";"";NA;"";"";-12,634;-25,049;"";NA;NA;NA;NA;NA;"Atlantic Ocean";"";"";"";"AMT27_41";"3555791|3555790";"http://www.boldsystems.org/pics/ATCP/Abru_AMT27_41_01B+1560513377.jpeg|http://www.boldsystems.org/pics/ATCP/Abru_AMT27_41_01A+1560513377.jpeg";"Side|Aperture";"Juvenile|Juvenile";"|";"2019|2019";"CreativeCommons - Attribution Non-Commercial Share-Alike|CreativeCommons - Attribution Non-Commercial Share-Alike";"Naturalis Biodiversity Center|Naturalis Biodiversity Center";"Deborah Wall-Palmer|Deborah Wall-Palmer";12316346;"18S";"";"CCCATGGTGCTCTTAATTGAGCGTTTTGGGTGGCCGGAACGTTTACTTTGAAGAAATTAGAGTGTTCAAAGCAGGCTTGTCCGCCTGAATAATGGTGCATGGAATAATGGAATAGGACCTCGGTTCTATTTTGCTGGTTTTCGGAACACGAGGTAATGATTAAGAGGGACAGACGGGGGCATCCGTATTGCGGTGTTAGAGGTGAAATTCTTGGATCATCGCAAGACGAACTACTGCGAAAGCATTTGCCAAGAATGTTTTCATTAGTCAAGAACGAAAGTCAGAGGTTCGAAGACGATCAGATACCGTCGTAGTTCTGACCATAAACGATGCCAACTAGCGATCCGCTGGTGTTGCTTCATCGACTCTGCGGGCAGCTTCCGGGAAACCAAAGTCTTTGGGTTCCGGGGGAAGTATGGTTGCAAAGCTGAAACTTAAAGGAATTGACGGAAGGGCACCACCAGGAGTGGAGCCTGCGGCTTAATTTGACTCAACACGGGAAAACTCACCCGGTCCGGACACTGTAAGGATTGACAGATTGAGAGCTCTTTCTTGATTCGGTGGGTGGTGGTGCATGGCCGTTCTTAGTTGGTGGAGCGATTTGTCTGGTTAATTCCGATAACGAACGAGACTCTAGCCTACTAAATAGTCGACTGGTTCTTTATGTGTCAGTGTTGACTTCTTAGAGGGACAAGTGGCGTTTAGTCACACGAGATTGAGCAATAACAGGTCTGTGATGCCCTTAGATGTCCGGGGCCGCACGCGCGCTACATTGATGGACTCAGCGTGGCTATCTCCMTGGCTCGAGAGAGTTGGGAAACCCGTTGAATTTCCATCGTGATAGGGATTGGGGTTTGAAATTATCCCCCATGAACGAGGAATTCCCAGTAAGCGCGAGTCATAAGCTCGCGTTGATTACGT";"11361663|11361664";"e4012526785_Atl_bru_DW008_18S_B-C01_M13F-18S-KP-F_M13R-1800R_M13R-pUC_W180331195.ab1|e4012526785_Atl_bru_DW008_18S-B-C01_M13F-18S-KP-F_M13R-1800R_M13-FP_X180331195.ab1";"http://trace.boldsystems.org/traceIO/bold.org/13180697|http://trace.boldsystems.org/traceIO/bold.org/13180698";"2018-02-02 23:54:52|2018-02-02 23:03:49";"Naturalis Biodiversity Centre|Naturalis Biodiversity Centre";"R|F";"1800mod|18S-KP-F";"18S|18S";921;FALSE
"3175";"ATCP007-19";"Abru_AMT27_47_01";10402782;"4012526797";"";"Naturalis Biodiversity Centre";NA;"BOLD:ADG8181";23;"Mollusca";92;"Gastropoda";208508;"Littorinimorpha";85053;"Atlantidae";NA;"";656427;"Atlanta";766838;"Atlanta brunnea";NA;"";"Deborah Wall-Palmer";"";"";NA;"";"";NA;"";NA;NA;"";"";"";"";"";"";"";"";"";NA;"";"";-24,006;-25,049;"";NA;NA;NA;NA;NA;"Atlantic Ocean";"";"";"";"AMT27_47";"3555793|3555792";"http://www.boldsystems.org/pics/ATCP/Abru_AMT27_47_01B+1560513378.jpeg|http://www.boldsystems.org/pics/ATCP/Abru_AMT27_47_01A+1560513378.jpeg";"Apical|Side";"Juvenile|Juvenile";"|";"2019|2019";"CreativeCommons - Attribution Non-Commercial Share-Alike|CreativeCommons - Attribution Non-Commercial Share-Alike";"Naturalis Biodiversity Center|Naturalis Biodiversity Center";"Mona Hegmann|Mona Hegmann";12316347;"18S";"";"CCCATGGTGCTCTTAATTGAGCGTTTTGGGTGGCCGGAACGTTTACTTTGAAGAAATTAGAGTGTTCAAAGCAGGCTTGTCCGCCTGAATAATGGTGCATGGAATAATGGAATAGGACCTCGGTTCTATTTTGCTGGTTTTCGGAACACGAGGTAATGATTAAGAGGGACAGACGGGGGCATCCGTATTGCGGTGTTAGAGGTGAAATTCTTGGATCATCGCAAGACGAACTACTGCGAAAGCATTTGCCAAGAATGTTTTCATTAGTCAAGAACGAAAGTCAGAGGTTCGAAGACGATCAGATACCGTCGTAGTTCTGACCATAAACGATGCCAACTAGCGATCCGCTGGTGTTGCTTCATCGACTCTGCGGGCAGCTTCCGGGAAACCAAAGTCTTTGGGTTCCGGGGGAAGTATGGTTGCAAAGCTGAAACTTAAAGGAATTGACGGAAGGGCACCACCAGGAGTGGAGCCTGCGGCTTAATTTGACTCAACACGGGAAAACTCACCCGGTCCGGACACTGTAAGGATTGACAGATTGAGAGCTCTTTCTTGATTCGGTGGGTGGTGGTGCATGGCCGTTCTTAGTTGGTGGAGCGATTTGTCTGGTTAATTCCGATAACGAACGAGACTCTAGCCTACTAAATAGTCGACTGGTTCTTTATGTGTCAGTGTTGACTTCTTAGAGGGACAAGTGGCGTTTAGTCACACGAGATTGAGCAATAACAGGTCTGTGATGCCCTTAGATGTCCGGGGCCGCACGCGCGCTACATTGATGGACTCAGCGTGGCTATCTCCCTGGCTCGAGAGAGTTGGGAAACCCGTTGAATTTCCATCGTGATAGGGATTGGGGTTTGAAATTATCCCCCATGAACGAGGAATTCCCAGTAAGCGCGAGTCATAAGCTCGCGTTGATTACGT";"11361671|11361672|11598968|11598969";"e4012526797_A00_bru_MH001_18S-G04_M13F-18S-KP-F_M13R-1800R_M13-FP_Z181981127.ab1|e4012526797_A00_bru_MH001_18S-G04_M13F-18S-KP-F_M13R-1800R_M13R-pUC_Z181981319.ab1|e4012526797_Atl_bru_DW008_18S_B-D01_M13F-18S-KP-F_M13R-1800R_M13R-pUC_W180331196.ab1|e4012526797_Atl_bru_DW008_18S-B-D01_M13F-18S-KP-F_M13R-1800R_M13-FP_X180331196.ab1";"http://trace.boldsystems.org/traceIO/bold.org/13180705|http://trace.boldsystems.org/traceIO/bold.org/13180706|http://trace.boldsystems.org/traceIO/bold.org/13418074|http://trace.boldsystems.org/traceIO/bold.org/13418075";"2018-07-18 00:07:35|2018-07-18 04:02:49|2018-02-02 23:54:52|2018-02-02 23:03:49";"Naturalis Biodiversity Centre|Naturalis Biodiversity Centre|Naturalis Biodiversity Centre|Naturalis Biodiversity Centre";"F|R|R|F";"18S-KP-F|1800mod|1800mod|18S-KP-F";"18S|18S|18S|18S";921;FALSE
"3179";"ATCP008-19";"Abru_AMT27_11_01";10402783;"4032061688";"";"Naturalis Biodiversity Centre";NA;"BOLD:ADG8181";23;"Mollusca";92;"Gastropoda";208508;"Littorinimorpha";85053;"Atlantidae";NA;"";656427;"Atlanta";766838;"Atlanta brunnea";NA;"";"Deborah Wall-Palmer";"";"";NA;"";"";NA;"";NA;NA;"";"";"";"";"";"";"";"";"";NA;"";"";32,874;-26,907;"";NA;NA;NA;NA;NA;"Atlantic Ocean";"";"";"";"AMT27_11";"3555786";"http://www.boldsystems.org/pics/ATCP/Abru_AMT27_11_01+1560513377.jpeg";"Apical";"Adult";"";"2019";"CreativeCommons - Attribution Non-Commercial Share-Alike";"Naturalis Biodiversity Center";"Mona Hegmann";12316348;"18S";"";"NNNNNNNNNNNNNNNNNNNNNNNNNNNNNNNNNNNNNNNNNNNNNNNNNNNNNNNNNNNNNNNNNNNNNNNNNNNCTTGTCCGCCTGAATAATGGTGCATGGAATAATGGAATAGGACCTCGGTTCTATTTTGCTGGTTTTCGGAACACGAGGTAATGATTAAGAGGGACAGACGGGGGCATCCGTATTGCGGTGTTAGAGGTGAAATTCTTGGATCATCGCAAGACGAACTACTGCGAAAGCATTTGCCAAGAATGTTTTCATTAGTCAAGAACGAAAGTCAGAGGTTCGAAGACGATCAGATACCGTCGTAGTTCTGACCATAAACGATGCCAACTAGCGATCCGCTGGTGTTGCTTCATCGACTCTGCGGGCAGCTTCCGGGAAACCAAAGTCTTTGGGTTCCGGGGGAAGTATGGTTGCAAAGCTGAAACTTAAAGGAATTGACGGAAGGGCACCACCAGGAGTGGAGCCTGCGGCTTAATTTGACTCAACACGGGAAAACTCACCCGGTCCGGACACTGTAAGGATTGACAGATTGAGAGCTCTTTCTTGATTCGGTGGGTGGTGGTGCATGGCCGTTCTTAGTTGGTGGAGCGATTTGTCTGGTTAATTCCGATAACGAACGAGACTCTAGCCTACTAAATAGTCGACTGGTTCTTTATGTGTCAGTGTTGACTTCTTAGAGGGACAAGTGGCGTTTAGTCACACGAGATTGAGCAATAACAGGTCTGTGATGCCCTTAGATGTCCGGGGCCGCACGCGCGCTACATTGATGGACTCAGCGTGGCTATCTCCCTGGCTCGAGAGAGTTGGGAAACCCGTTGAATTTCCATCGTGATAGGGATTGGGGTTTGNNNNNNNNNNNNNNNNNNNNNNNNNNNNNNNNNNNNNNNNNNNNNNNNNNNNNNNNNNNNNNNN";"11361753|11361754";"e4032061688_A00_bru_MH003_18S-D05_M13F-18S-KP-F_M13R-1800R_M13-FP_Z181981132.ab1|e4032061688_A00_bru_MH003_18S-D05_M13F-18S-KP-F_M13R-1800R_M13R-pUC_Z181981324.ab1";"http://trace.boldsystems.org/traceIO/bold.org/13180787|http://trace.boldsystems.org/traceIO/bold.org/13180788";"2018-07-18 00:07:35|2018-07-18 04:02:49";"Naturalis Biodiversity Centre|Naturalis Biodiversity Centre";"F|R";"18S-KP-F|1800mod";"18S|18S";921;FALSE
"3182";"ATCP009-19";"Abru_AMT27_11_02";10402784;"4032061700";"";"Naturalis Biodiversity Centre";NA;"BOLD:ADG8181";23;"Mollusca";92;"Gastropoda";208508;"Littorinimorpha";85053;"Atlantidae";NA;"";656427;"Atlanta";766838;"Atlanta brunnea";NA;"";"Deborah Wall-Palmer";"";"";NA;"";"";NA;"";NA;NA;"";"";"";"";"";"";"";"";"";NA;"";"";32,874;-26,907;"";NA;NA;NA;NA;NA;"Atlantic Ocean";"";"";"";"AMT27_11";"3555787";"http://www.boldsystems.org/pics/ATCP/Abru_AMT27_11_02+1560513377.jpeg";"Apical";"Adult";"";"2019";"CreativeCommons - Attribution Non-Commercial Share-Alike";"Naturalis Biodiversity Center";"Mona Hegmann";12316349;"18S";"";"CCCATGGTGCTCTTAATTGAGCGTTTTGGGTGGCCGGAACGTTTACTTTGAAGAAATTAGAGTGTTCAAAGCAGGCTTGTCCGCCTGAATAATGGTGCATGGAATAATGGAATAGGACCTCGGTTCTATTTTGCTGGTTTTCGGAACACGAGGTAATGATTAAGAGGGACAGACGGGGGCATCCGTATTGCGGTGTTAGAGGTGAAATTCTTGGATCATCGCAAGACGAACTACTGCGAAAGCATTTGCCAAGAATGTTTTCATTAGTCAAGAACGAAAGTCAGAGGTTCGAAGACGATCAGATACCGTCGTAGTTCTGACCATAAACGATGCCAACTAGCGATCCGCTGGTGTTGCTTCATCGACTCTGCGGGCAGCTTCCGGGAAACCAAAGTCTTTGGGTTCCGGGGGAAGTATGGTTGCAAAGCTGAAACTTAAAGGAATTGACGGAAGGGCACCACCAGGAGTGGAGCCTGCGGCTTAATTTGACTCAACACGGGAAAACTCACCCGGTCCGGACACTGTAAGGATTGACAGATTGAGAGCTCTTTCTTGATTCGGTGGGTGGTGGTGCATGGCCGTTCTTAGTTGGTGGAGCGATTTGTCTGGTTAATTCCGATAACGAACGAGACTCTAGCCTACTAAATAGTCGACTGGTTCTTTATGTGTCAGTGTTGACTTCTTAGAGGGACAAGTGGCGTTTAGTCACACGAGATTGAGCAATAACAGGTCTGTGATGCCCTTAGATGTCCGGGGCNGCACGCGCGCTACATTGATGGACTCAGCGTGGCTATCTCCCTGGCTCGAGAGAGTTGGGAAACCCGTTGAATTTCCATCGTGATAGGGATTGGGGTTTGAAATTATCCCCCATGAACGAGGAATTCCCAGTAAGCGCGAGTCATAAGCTCGCGTTGATTACGT";"11361772|11361771";"e4032061700_A00_bru_MH003_18S-E05_M13F-18S-KP-F_M13R-1800R_M13R-pUC_Z181981325.ab1|e4032061700_A00_bru_MH003_18S-E05_M13F-18S-KP-F_M13R-1800R_M13-FP_Z181981133.ab1";"http://trace.boldsystems.org/traceIO/bold.org/13180806|http://trace.boldsystems.org/traceIO/bold.org/13180805";"2018-07-18 04:02:49|2018-07-18 00:07:35";"Naturalis Biodiversity Centre|Naturalis Biodiversity Centre";"R|F";"1800mod|18S-KP-F";"18S|18S";921;FALSE
"3184";"ATCP010-19";"Abru_AMT27_11_03";10402785;"4032061712";"";"Naturalis Biodiversity Centre";NA;"BOLD:ADG8181";23;"Mollusca";92;"Gastropoda";208508;"Littorinimorpha";85053;"Atlantidae";NA;"";656427;"Atlanta";766838;"Atlanta brunnea";NA;"";"Deborah Wall-Palmer";"";"";NA;"";"";NA;"";NA;NA;"";"";"";"";"";"";"";"";"";NA;"";"";32,874;-26,907;"";NA;NA;NA;NA;NA;"Atlantic Ocean";"";"";"";"AMT27_11";"3555788";"http://www.boldsystems.org/pics/ATCP/Abru_AMT27_11_03+1560513377.jpeg";"Apical";"Adult";"";"2019";"CreativeCommons - Attribution Non-Commercial Share-Alike";"Naturalis Biodiversity Center";"Mona Hegmann";12316350;"18S";"";"CCCATGGTGCTCTTAATTGAGCGTTTTGGGTGGCCGGAACGTTTACTTTGAAGAAATTAGAGTGTTCAAAGCAGGCTTGTCCGCCTGAATAATGGTGCATGGAATAATGGAATAGGACCTCGGTTCTATTTTGCTGGTTTTCGGAACACGAGGTAATGATTAAGAGGGACAGACGGGGGCATCCGTATTGCGGTGTTAGAGGTGAAATTCTTGGATCATCGCAAGACGAACTACTGCGAAAGCATTTGCCAAGAATGTTTTCATTAGTCAAGAACGAAAGTCAGAGGTTCGAAGACGATCAGATACCGTCGTAGTTCTGACCATAAACGATGCCAACTAGCGATCCGCTGGTGTTGCTTCATCGACTCTGCGGGCAGCTTCCGGGAAACCAAAGTCTTTGGGTTCCGGGGGAAGTATGGTTGCAAAGCTGAAACTTAAAGGAATTGACGGAAGGGCACCACCAGGAGTGGAGCCTGCGGCTTAATTTGACTCAACACGGGAAAACTCACCCGGTCCGGACACTGTAAGGATTGACAGATTGAGAGCTCTTTCTTGATTCGGTGGGTGGTGGTGCATGGCCGTTCTTAGTTGGTGGAGCGATTTGTCTGGTTAATTCCGATAACGAACGAGACTCTAGCCTACTAAATAGTCGACTGGTTCTTTATGTGTCAGTGTTGACTTCTTAGAGGGACAAGTGGCGTTTAGTCACACGAGATTGAGCAATAACAGGTCTGTGATGCCCTTAGATGTCCGGGGCCGCACGCGCGCTACATTGATGGACTCAGCGTGGCTATCTCCCTGGCTCGAGAGAGTTGGGAAACCCGTTGAATTTCCATCGTGATAGGGATTGGGGTTTGAAATTATCCCCCATGAACGAGGAATTCCCAGTAAGCGCGAGTCATAAGCTCGCGTTGATTACGT";"11361789|11361790";"e4032061712_A00_bru_MH003_18S-F05_M13F-18S-KP-F_M13R-1800R_M13-FP_Z181981134.ab1|e4032061712_A00_bru_MH003_18S-F05_M13F-18S-KP-F_M13R-1800R_M13R-pUC_Z181981326.ab1";"http://trace.boldsystems.org/traceIO/bold.org/13180823|http://trace.boldsystems.org/traceIO/bold.org/13180824";"2018-07-18 00:07:35|2018-07-18 04:02:49";"Naturalis Biodiversity Centre|Naturalis Biodiversity Centre";"F|R";"18S-KP-F|1800mod";"18S|18S";921;FALSE
"3186";"ATCP011-19";"Abru_AMT27_47_02";10402786;"4032061724";"";"Naturalis Biodiversity Centre";NA;"BOLD:ADG8181";23;"Mollusca";92;"Gastropoda";208508;"Littorinimorpha";85053;"Atlantidae";NA;"";656427;"Atlanta";766838;"Atlanta brunnea";NA;"";"Deborah Wall-Palmer";"";"";NA;"";"";NA;"";NA;NA;"";"";"";"";"";"";"";"";"";NA;"";"";-24,006;-25,049;"";NA;NA;NA;NA;NA;"Atlantic Ocean";"";"";"";"AMT27_47";"3555794";"http://www.boldsystems.org/pics/ATCP/Abru_AMT27_47_02+1560513378.jpeg";"Apical";"Adult";"";"2019";"CreativeCommons - Attribution Non-Commercial Share-Alike";"Naturalis Biodiversity Center";"Mona Hegmann";12316351;"18S";"";"CCCATGGTGCTCTTAATTGAGCGTTTTGGGTGGCCGGAACGTTTACTTTGAAGAAATTAGAGTGTTCAAAGCAGGCTTGTCCGCCTGAATAATGGTGCATGGAATAATGGAATAGGACCTCGGTTCTATTTTGCTGGTTTTCGGAACACGAGGTAATGATTAAGAGGGACAGACGGGGGCATCCGTATTGCGGTGTTAGAGGTGAAATTCTTGGATCATCGCAAGACGAACTACTGCGAAAGCATTTGCCAAGAATGTTTTCATTAGTCAAGAACGAAAGTCAGAGGTTCGAAGACGATCAGATACCGTCGTAGTTCTGACCATAAACGATGCCAACTAGCGATCCGCTGGTGTTGCTTCATCGACTCTGCGGGCAGCTTCCGGGAAACCAAAGTCTTTGGGTTCCGGGGGAAGTATGGTTGCAAAGCTGAAACTTAAAGGAATTGACGGAAGGGCACCACCAGGAGTGGAGCCTGCGGCTTAATTTGACTCAACACGGGAAAACTCACCCGGTCCGGACACTGTAAGGATTGACAGATTGAGAGCTCTTTCTTGATTCGGTGGGTGGTGGTGCATGGCCGTTCTTAGTTGGTGGAGCGATTTGTCTGGTTAATTCCGATAACGAACGAGACTCTAGCCTACTAAATAGTCGACTGGTTCTTTATGTGTCAGTGTTGACTTCTTAGAGGGACAAGTGGCGTTTAGTCACACGAGATTGAGCAATAACAGGTCTGTGATGCCCTTAGATGTCCGGGGCCGCACGCGCGCTACATTGATGGACTCAGCGTGGCTATCTCCCTGGCTCGAGAGAGTTGGGAAACCCGTTGAATTTCCATCGTGATAGGGATTGGGGTTTGAAATTATCCCCCATGAACGAGGAATTCCCAGTAAGCGCGAGTCATAAGCTCGCGTTGATTACGT";"11361809|11361810";"e4032061724_A00_bru_MH003_18S-G05_M13F-18S-KP-F_M13R-1800R_M13-FP_Z181981135.ab1|e4032061724_A00_bru_MH003_18S-G05_M13F-18S-KP-F_M13R-1800R_M13R-pUC_Z181981327.ab1";"http://trace.boldsystems.org/traceIO/bold.org/13180843|http://trace.boldsystems.org/traceIO/bold.org/13180844";"2018-07-18 00:07:35|2018-07-18 04:02:49";"Naturalis Biodiversity Centre|Naturalis Biodiversity Centre";"F|R";"18S-KP-F|1800mod";"18S|18S";921;FALSE
"3193";"ATCP015-19";"Avan_SO255_073_02";10402790;"4032061689";"";"Naturalis Biodiversity Centre";NA;"BOLD:ADG8179";23;"Mollusca";92;"Gastropoda";208508;"Littorinimorpha";85053;"Atlantidae";NA;"";656427;"Atlanta";766838;"Atlanta brunnea";NA;"";"Deborah Wall-Palmer";"";"";NA;"";"";NA;"";NA;NA;"";"";"";"";"";"";"";"";"";NA;"";"";-28,13;179,02;"";NA;NA;NA;NA;NA;"Pacific Ocean";"";"";"";"SO255_073";"3555698|3555700|3555699";"http://www.boldsystems.org/pics/ATCP/Avan_SO255_073_02A+1560513696.jpeg|http://www.boldsystems.org/pics/ATCP/Avan_SO255_073_02C+1560513696.jpeg|http://www.boldsystems.org/pics/ATCP/Avan_SO255_073_02B+1560513696.jpeg";"Apical|Side|Side";"Adult|Adult|Adult";"||";"2019|2019|2019";"CreativeCommons - Attribution Non-Commercial Share-Alike|CreativeCommons - Attribution Non-Commercial Share-Alike|CreativeCommons - Attribution Non-Commercial Share-Alike";"Naturalis Biodiversity Center|Naturalis Biodiversity Center|Naturalis Biodiversity Center";"Mona Hegmann|Mona Hegmann|Mona Hegmann";12316352;"18S";"";"CCCMTGGTGCTCTTAATTGARCGKTTTGGGTGGSCSGAACGTTTACTTTGAARAAATTARARTGKTCMAAGCARGSTTGKCCGCCYGAATAATGGKGCATGGAATAATGGAATARGACCTCSGKTCTATTTTGCTGGKTTTCSGAACMCSARGKAATGATTAARAAGGACAGACSGGGGCMTCCSKATTGSGGKGKTARARGKGAAATTCTTGGATCMTCSCMAGACSAACTACTGSGAAAGCATTTGCCAAGAATGTTTTCATTWRTCAAGAACGAAAGTCAGAGGTTCGAARACGATCAGATACCGTCGTAGTTCTGACCATAAACGATGCCAACTAGCGATCCGCTGGTGTTGCTTCATCGACTCTGCGGGCAGCTTCCGGGAAACCAAAGTCTTTGGGTTCCGGGGGAAGTATGGTTGCAAAGCTGAAACTTAAAGGAATTGACGGAAGGGCACCACCAGGAGTGGAGCCTGCGGCTTAATTTGACTCAACACGGGAAAACTCACCCGGTCCGGACACTGTAAGGATTGACAGATTGAGAGCTCTTTCTTGATTCGGTGGGTGGTGGTGCATGGCCGTTCTTAGTTGGTGGAGCGATTTGTCTGGTTAATTCCGATAACGAACGAGACTCTAGCCTACTAAATAGTCGACTGGTTCTTTATGTGTCAGTGTTGACTTCTTAGAGGGACAAGTGGCGTTTAGTCACACGAGATTGAGCAATAACAGGTCTGTGATGCCCTTAGATGTCCGGGGCCGCMCGCGCGCTACATTGATGGAYTCAGCGTGGCTATCTCCCTGGCTCGAGAGAGTTGGGAAACCCGTTGAATTTCCATCGTGATAGGGATTGGGGTTTGAAATTATCCCCCATGAACGAGGAATTCCCAGTAAGCGCGAGTCATAAGCTCGCGTTGATTACGT";"11361760";"e4032061689_A00_bru_MH003_18S-D06_M13F-18S-KP-F_M13R-1800R_M13R-pUC_Z181981332.ab1";"http://trace.boldsystems.org/traceIO/bold.org/13180794";"2018-07-18 04:02:49";"Naturalis Biodiversity Centre";"R";"1800mod";"18S";921;FALSE
"3198";"ATCP016-19";"Avan_SO255_080_01";10402791;"4032061701";"";"Naturalis Biodiversity Centre";NA;"BOLD:ADG8179";23;"Mollusca";92;"Gastropoda";208508;"Littorinimorpha";85053;"Atlantidae";NA;"";656427;"Atlanta";766838;"Atlanta brunnea";NA;"";"Deborah Wall-Palmer";"";"";NA;"";"";NA;"";NA;NA;"";"";"";"";"";"";"";"";"";NA;"";"";-29,1;-179,72;"";NA;NA;NA;NA;NA;"Pacific Ocean";"";"";"";"SO255_080";"3555701|3555702";"http://www.boldsystems.org/pics/ATCP/Avan_SO255_080_01A+1560513696.jpeg|http://www.boldsystems.org/pics/ATCP/Avan_SO255_080_01B+1560513696.jpeg";"Apical|Side";"Adult|Adult";"|";"2019|2019";"CreativeCommons - Attribution Non-Commercial Share-Alike|CreativeCommons - Attribution Non-Commercial Share-Alike";"Naturalis Biodiversity Center|Naturalis Biodiversity Center";"Mona Hegmann|Mona Hegmann";12316353;"18S";"";"NNNNNNNNNNNNNNNNNNNNNNNNNNNNNNNNNNNNNNNNNNNNNNNNNNNNNNNNNNNNNNNNNNNNNNNNNNNNNNNNNNNNNNNNNNNATGGTGCATGGAATAATGGAATAGGACCTCGGTTCTATTTTGCTGGTTTTCGGAACACGAGGTAATGANTAAGARGGACAGACGGGGGCATCCGTATTGCGGTGTTAGAGGTGAAATTCTTGGATCATCGCAAGACGAACTACTGCGAAAGCATTTGCCAAGAATGTTTTCATTAGTCAAGAACGAAAGTCAGAGGTTCGAAGACGATCAGATACCGTCGTAGTTCTGACCATAAACGATGCCAACTAGCGATCCGCTGGTGTTGCTTCATCGACTCTGCGGGCAGCTTCCGGGAAACCAAAGTCTTTGGGTTCCGGGGGAAGTATGGTTGCAAAGCTGAAACTTAAAGGAATTGACGGAAGGGCACCACCAGGAGTGGAGCCTGCGGCTTAATTTGACTCAACACGGGAAAACTCACCCGGTCCGGACACTGTAAGGATTGACAGATTGAGAGCTCTTTCTTGATTCGGTGGGTGGTGGTGCATGGCCGTTCTTAGTTGGTGGAGCGATTTGTCTGGTTAATTCCGATAACGAACGAGACTCTAGCCTACTAAATAGTCGACTGGTTCTTTATGTGTCAGTGTTGACTTCTTAGAGGGACAAGTGGCGTTTAGTCACACGAGATTGAGCAATAACAGGTCTGTGATGCCCTTAGATGTCCGGGGCCGCACGCGCGCTACATTGATGGACTCAGCGTGGCTATCTCCCTGGCTCGAGAGAGTTGGGAAACCCGTTGAATTTCCATCGTGATAGGGATTGGGGTTTGAAATTATCCCCCATGAACGAGGAATTCCCAGTAAGCGCGAGTCATAAGCTCGCGTTGATTACGT";"11361778";"e4032061701_A00_bru_MH003_18S-E06_M13F-18S-KP-F_M13R-1800R_M13R-pUC_Z181981333.ab1";"http://trace.boldsystems.org/traceIO/bold.org/13180812";"2018-07-18 04:02:49";"Naturalis Biodiversity Centre";"R";"1800mod";"18S";921;FALSE
"3200";"ATCP187-19";"Abru_ACAS_02_01";10402962;"4012541705";"";"Naturalis Biodiversity Centre";NA;"";23;"Mollusca";92;"Gastropoda";208508;"Littorinimorpha";85053;"Atlantidae";NA;"";656427;"Atlanta";766838;"Atlanta brunnea";NA;"";"Deborah Wall-Palmer";"";"";NA;"";"";NA;"";NA;NA;"";"";"";"";"";"";"";"";"";NA;"";"";-28,207;-162,137;"";NA;NA;NA;NA;NA;"Pacific Ocean";"";"";"";"ACAS_02";"3555783";"http://www.boldsystems.org/pics/ATCP/Abru_ACAS_02_01+1560517771.jpeg";"Apical";"Adult";"";"2019";"CreativeCommons - Attribution Non-Commercial Share-Alike";"Naturalis Biodiversity Center";"Deborah Wall-Palmer";13161039;"18S";"";"CCCATGGTGCTCTTAATTGAGCGTTTTGGGTGGCCGGAACGTTTACTTTGAAGAAATTAGAGTGTTCAAAGCAGGCTTGTCCGCCTGAATAATGGTGCATGGAATAATGGAATAGGACCTCGGTTCTATTTTGCTGGTTTTCGGAACACGAGGTAATGATTAAGAGGGACAGACGGGGGCATCCGTATTGCGGTGTTAGAGGTGAAATTCTTGGATCATCGCAAGACGAACTACTGCGAAAGCATTTGCCAAGAATGTTTTCATTAGTCAAGAACGAAAGTCAGAGGTTCGAAGACGATCAGATACCGTCGTAGTTCTGACCATAAACGATGCCAACTAGCGATCCGCTGGTGTTGCTTCATCGACTCTGCGGGCAGCTTCCGGGAAACCAAAGTCTTTGGGTTCCGGGGGAAGTATGGTTGCAAAGCTGAAACTTAAAGGAATTGACGGAAGGGCACCACCAGGAGTGGAGCCTGCGGCTTAATTTGACTCAACACGGGAAAACTCACCCGGTCCGGACACTGTAAGGATTGACAGATTGAGAGCTCTTTCTTGATTCGGTGGGTGGTGGTGCATGGCCGTTCTTAGTTGGTGGAGCGATTTGTCTGGTTAATTCCGATAACGAACGAGACTCTAGCCTACTAAATAGTCGACTGGTTCTTTATGTGTCAGTGTTGACTTCTTAGAGGGACAAGTGGCGTTTAGTCACACGAGATTGAGCAATAACAGGTCTGTGATGCCCTTAGATGTCCGGGGCCGCACGCGCGCTACATTGATGGACTCAGCGTGGCTATCTCCCTGGCTCGAGAGAGTTGGGAAACCCGTTGAATTTCCATCGTGATAGGGATTGGGGTTTGAAATTATCCCCCATGAACGAGGAATTCCCAGTAAGCGCGAGTCATAAGCTCGCGTTGATTACGT";"11598696|11598697";"e4012541705_Atl_bru_DW014_18S-A08_M13F-18S-KP-F_M13R-1800R_M13R-pUC_W180661345.ab1|e4012541705_Atl_bru_DW014_18S-A08_M13F-18S-KP-F_M13R-1800R_M13-FP_W180661249.ab1";"http://trace.boldsystems.org/traceIO/bold.org/13417802|http://trace.boldsystems.org/traceIO/bold.org/13417803";"2018-03-08 03:59:52|2018-03-08 02:02:00";"Naturalis Biodiversity Centre|Naturalis Biodiversity Centre";"R|F";"1800mod|18S-KP-F";"18S|18S";921;FALSE
"7203";"AGD433-17";"Psou_KH1110_02_02";7574028;"4012543220";"";"Naturalis Biodiversity Centre";NA;"BOLD:ADG7915";23;"Mollusca";92;"Gastropoda";208508;"Littorinimorpha";85053;"Atlantidae";NA;"";766855;"Protatlanta";766857;"Protatlanta souleyeti";NA;"";"Deborah Wall-Palmer";"";"";NA;"";"";NA;"";NA;NA;NA;"";"";"";"";"";"";"";NA;NA;"";"";-23,004;160;NA;NA;NA;NA;NA;NA;"Pacific Ocean";"";"";"";"KH1110_02";"3191457";"http://www.boldsystems.org/pics/AGD/Psou_KH1110_02_02+1476349361.jpg";"Apical";"";"Deborah Wall-Palmer";"2017";"CreativeCommons - Attribution Non-Commercial Share-Alike";"Naturalis Biodiversity Center";"Deborah wall-Palmer";13151401;"18S";"";"CCCATGGTGCTCTTAACTGAGCGTTTTGGGTGGCCGGAACGTTTACTTTGAAKAAATTAKAGTGTTCAAAGCAGGSTTGTGGGCCTGAATAATGGTGCATGGAATAATGGAATAGGACCTCGGTTCTATTTTGCTGGTTTTCGGAACACGAGGTAATGATTAAGAGGGACAGACGGGGGCATCCGTATTGCGGKGTTAGAGGTGAAATTCTTGGATCATCGCAAGACGAACTACTGSGAAAGCATTTGCCAAGAATGTTTTCATTAGTCAAGAACGAAAGTCAGAGGTTCRAAGACGATCAGATACCGTCGTAGTTCTGACCATAAACGATGCCAACTAGCGATCCGCTGGTGTTGCTTCATCGACTCTGCGGGCAGCTTACGGGAAACCAAAGTCTTTGGGTTCCGGGGGAAGTATGGTTGCAAAGCTGAAACTTAAAGGAATTGACGGAAGGGCACCACCAGGAGTGGAGCCTGCGGCTTAATTTGACTCAACACGGGAAAACTCACCCGGTCCGGACACTGTAAGGATTGACAGATTGAGAGCTCTTTCTTGATTCGGTGGGTGGTGGTGCATGGCCGTTCTTAGTTGGTGGAGCGATTTGTCTGGTTAATTCCGATAACGAACGAGACTCTAGCCTACTAAATAGTTCGTCGATCCATTTTGCGTCGACGTCAACTTCTTAGAGGGACAAGTGGCGTATAGTCACACGAGATTGAGCAATAACAGGTCTGTGATGCCCTTAGATGTCCGGGGCCGCACGCGCGCTACACTGAAGGAATCAGCGTGGCTTTCTCCCTGGTTCGAGAGAATTGGGAAACCCGTTGAATCTCCTTCGTGATAGGGATKGGGGCKTGAAATTCTTCCCCATGAACGAGGAATTCCCAGTAAGCGCGAGTCATAAGCTCGCGTTGATTACGT";"11598530|11598531";"e4012543221_P00_sou_DW011_18S_B-F01_M13F-18S-KP-F_M13R-1800R_M13R-pUC_Z180461102.ab1|e4012543221_P00_sou_DW011_18S_B-F01_M13F-18S-KP-F_M13R-1800R_M13-FP_Z180461006.ab1";"http://trace.boldsystems.org/traceIO/bold.org/13417636|http://trace.boldsystems.org/traceIO/bold.org/13417637";"2018-02-15 23:11:34|2018-02-15 21:13:45";"Naturalis Biodiversity Centre|Naturalis Biodiversity Centre";"R|F";"1800mod|18S-KP-F";"18S|18S";921;FALSE
"7207";"AGD434-17";"Psou_KH1110_02_03";7574029;"4012543232";"";"Naturalis Biodiversity Centre";NA;"BOLD:ADG7916";23;"Mollusca";92;"Gastropoda";208508;"Littorinimorpha";85053;"Atlantidae";NA;"";766855;"Protatlanta";766857;"Protatlanta souleyeti";NA;"";"Deborah Wall-Palmer";"";"";NA;"";"";NA;"";NA;NA;NA;"";"";"";"";"";"";"";NA;NA;"";"";-23,004;160;NA;NA;NA;NA;NA;NA;"Pacific Ocean";"";"";"";"KH1110_02";"3191458";"http://www.boldsystems.org/pics/AGD/Psou_KH1110_02_03+1476349362.jpg";"Apical";"";"Deborah Wall-Palmer";"2017";"CreativeCommons - Attribution Non-Commercial Share-Alike";"Naturalis Biodiversity Center";"Deborah wall-Palmer";13151402;"18S";"";"CCCATGGTGSTCTTAACTGAGCGTTTTGGGTGGCCGGAACGTTTACTTTGAAGAAATTAGAGTGTTCAAAGCAGGCTTGTGGGCCTGAATAATGGTGCATGGAATAATGGAATAGGACCTCGGTTCTATTTTGCTGGTTTTCGGAACACGAGGTAATGATTAAGAGGGACAGACGGGGGCATCCGTATTGCGGTGTTAGAGGTGAAATTCTTGGATCATCGCAAGACGAACTACTGCGAAAGCATTTGCCAAGAATGTTTTCATTAGTCAAGAACGAAAGTCAGAGGTTCGAAGACGATCAGATACCGTCGTAGTTCTGACCATAAACGATGCCAACTAGCGATCCGCTGGTGTTGCTTCATCGACTCTGCGGGCAGCTTACGGGAAACCAAAGTCTTTGGGTTCCGGGGGAAGTATGGTTGCAAAGCTGAAACTTAAAGGAATTGACGGAAGGGCACCACCAGGAGTGGAGCCTGCGGCTTAATTTGACTCAACACGGGAAAACTCACCCGGTCCGGACACTGTAAGGATTGACAGATTGAGAGCTCTTTCTTGATTCGGTGGGTGGTGGTGCATGGCCGTTCTTAGTTGGTGGAGCGATTTGTCTGGTTAATTCCGATAACGAACGAGACTCTAGCCTACTAAATAGTTCGTCGATCCATTTTGCGTCGACGTCAACTTCTTAGAGGGACAAGTGGCGTATAGTCACACGAGATTGAGCAATAACAGGTCTGTGATGCCCTTAGATGTCCGGGGCCGCACGCGCGCTACACTGAAGGAATCAGCGTGGCTTTCTCCCTGGTTCGAGAGAATTGGGAAACCCGTTGAATCTCCTTCGTGATAGGGATTGGGGCTTGAAATTCTTCCCCATGAACGAGGAATTCCCAGTAAGCGCGAGTCATAAGCTCGCGTTGATTACGT";"11598518|11598519";"e4012543240_A00_per_DW011_18S_B-D02_M13F-18S-KP-F_M13R-1800R_M13R-pUC_Z180461108.ab1|e4012543240_A00_per_DW011_18S_B-D02_M13F-18S-KP-F_M13R-1800R_M13-FP_Z180461012.ab1";"http://trace.boldsystems.org/traceIO/bold.org/13417624|http://trace.boldsystems.org/traceIO/bold.org/13417625";"2018-02-15 23:11:34|2018-02-15 21:13:45";"Naturalis Biodiversity Centre|Naturalis Biodiversity Centre";"R|F";"1800mod|18S-KP-F";"18S|18S";921;FALSE
"7212";"ATCP174-19";"Psou_SO255_073_01";10402949;"4012526771";"";"Naturalis Biodiversity Centre";NA;"";23;"Mollusca";92;"Gastropoda";208508;"Littorinimorpha";85053;"Atlantidae";NA;"";766855;"Protatlanta";766857;"Protatlanta souleyeti";NA;"";"Deborah Wall-Palmer";"";"";NA;"";"";NA;"";NA;NA;NA;"";"";"";"";"";"";"";NA;NA;"";"";-28,13;179,02;NA;NA;NA;NA;NA;NA;"Pacific Ocean";"";"";"";"SO255_073";"3555776";"http://www.boldsystems.org/pics/ATCP/Psou_SO255_073_01A+1560513757.jpeg";"Apical";"Adult";"";"2019";"CreativeCommons - Attribution Non-Commercial Share-Alike";"Naturalis Biodiversity Center";"Deborah Wall-Palmer";13161032;"18S";"";"CCCATGGKGCTCTTAACTGAGCGTTTTGGGTGGCCGGAACGTTTACTTTGAAGAAATTAGAGTGTTCAAAGCAGGCTTGTGGGCCTGAATAATGGTGCATGGAATAATGGAATAGGACCTCGGTTCTATTTTGCTGGTTTTCGGAACACGAGGTAATGATTAAGAGGGACAGACGGGGGCATCCGTATTGCGGTGTTAGAGGTGAAATTCTTGGATCATCGCAAGACGAACTACTGCGAAAGCATTTGCCAAGAATGTTTTCATTAGTCAAGAACGAAAGTCAGAGGTTCGAAGACGATCAGATACCGTCGTAGTTCTGACCATAAACGATGCCAACTAGCGATCCGCTGGTGTTGCTTCATCGACTCTGCGGGCAGCTTACGGGAAACCAAAGTCTTTGGGTTCCGGGGGAAGTATGGTTGCAAAGCTGAAACTTAAAGGAATTGACGGAAGGGCACCACCAGGAGTGGAGCCTGCGGCTTAATTTGACTCAACACGGGAAAACTCACCCGGTCCGGACACTGTAAGGATTGACAGATTGAGAGCTCTTTCTTGATTCGGTGGGTGGTGGTGCATGGCCGTTCTTAGTTGGTGGAGCGATTTGTCTGGTTAATTCCGATAACGAACGAGACTCTAGCCTACTAAATAGTTCGTCGATCCATTTTGCGTCGACGTCAACTTCTTAGAGGGACAAGTGGCGTATAGTCACACGAGATTGAGCAATAACAGGTCTGTGATGCCCTTAGATGTCCGGGGCCGCACGCGCGCTACACTGAAGGAATCAGCGTGGCTTTCTCCCTGGTTCGAGAGAATTGGGAAACCCGTTGAATCTCCTTCGTGATAGGGATTGGGGCTTGAAATTCTTCCCCATGAACGAGGAATTCCCAGTAAGCGCGAGTCATAAGCTCGCGTTGATTACGT";"11599063|11599064";"e4012526771_Pro_sou_DW008_18S_B-A11_M13F-18S-KP-F_M13R-1800R_M13R-pUC_W180331273.ab1|e4012526771_Pro_sou_DW008_18S-B-A11_M13F-18S-KP-F_M13R-1800R_M13-FP_X180331273.ab1";"http://trace.boldsystems.org/traceIO/bold.org/13418169|http://trace.boldsystems.org/traceIO/bold.org/13418170";"2018-02-02 23:54:52|2018-02-02 23:03:49";"Naturalis Biodiversity Centre|Naturalis Biodiversity Centre";"R|F";"1800mod|18S-KP-F";"18S|18S";921;FALSE
"7215";"ATCP177-19";"Psou_AMT27_17_01";10402952;"4012526848";"";"Naturalis Biodiversity Centre";NA;"";23;"Mollusca";92;"Gastropoda";208508;"Littorinimorpha";85053;"Atlantidae";NA;"";766855;"Protatlanta";766857;"Protatlanta souleyeti";NA;"";"Deborah Wall-Palmer";"";"";NA;"";"";NA;"";NA;NA;NA;"";"";"";"";"";"";"";NA;NA;"";"";23,36;-29,222;NA;NA;NA;NA;NA;NA;"Atlantic Ocean";"";"";"";"AMT27_17";"3555772|3555771";"http://www.boldsystems.org/pics/ATCP/Psou_AMT27_17_01B+1560513757.jpeg|http://www.boldsystems.org/pics/ATCP/Psou_AMT27_17_01A+1560513757.jpeg";"Apical|Side";"Adult|Adult";"|";"2019|2019";"CreativeCommons - Attribution Non-Commercial Share-Alike|CreativeCommons - Attribution Non-Commercial Share-Alike";"Naturalis Biodiversity Center|Naturalis Biodiversity Center";"Deborah Wall-Palmer|Deborah Wall-Palmer";13161035;"18S";"";"CCCATGGTGCTCTTAACTGAGCGTTTTGGGTGGCCGGAACGTTTACTTTGAAGAAATTAGAGTGTTCAAAGCAGGCTTGTGGGCCTGAATAATGGTGCATGGAATAATGGAATAGGACCTCGGTTCTATTTTGCTGGTTTTCGGAACACGAGGTAATGATTAAGAGGGACAGACGGGGGCATCCGTATTGCGGTGTTAGAGGTGAAATTCTTGGATCATCGCAAGACGAACTACTGCGAAAGCATTTGCCAAGAATGTTTTCATTAGTCAAGAACGAAAGTCAGAGGTTCGAAGACGATCAGATACCGTCGTAGTTCTGACCATAAACGATGCCAACTAGCGATCCGCTGGTGTTGCTTCATCGACTCTGCGGGCAGCTTACGGGAAACCAAAGTCTTTGGGTTCCGGGGGAAGTATGGTTGCAAAGCTGAAACTTAAAGGAATTGACGGAAGGGCACCACCAGGAGTGGAGCCTGCGGCTTAATTTGACTCAACACGGGAAAACTCACCCGGTCCGGACACTGTAAGGATTGACAGATTGAGAGCTCTTTCTTGATTCGGTGGGTGGTGGTGCATGGCCGTTCTTAGTTGGTGGAGCGATTTGTCTGGTTAATTCCGATAACGAACGAGACTCTAGCCTACTAAATAGTTCGTCGATCCATTTTGCGTCGACGTCAACTTCTTAGAGGGACAAGTGGCGTATAGTCACACGAGATTGAGCAATAACAGGTCTGTGATGCCCTTAGATGTCCGGGGCCGCACGCGCGCTACACTGAAGGAATCAGCGTGGCTTTCTCCCTGGTTCGAGAGAATTGGGAAACCCGTTGAATCTCCTTCGTGATAGGGATTGGGGCTTGAAATTCTTCCCCATGAACGAGGAATTCCCAGTAAGCGCGAGTCATAAGCTCGCGTTGATTACGT";"11598776|11598777";"e4012526848_Pro_sou_DW008_18S_B-H04_M13F-18S-KP-F_M13R-1800R_M13R-pUC_W180331224.ab1|e4012526848_Pro_sou_DW008_18S-B-H04_M13F-18S-KP-F_M13R-1800R_M13-FP_X180331224.ab1";"http://trace.boldsystems.org/traceIO/bold.org/13417882|http://trace.boldsystems.org/traceIO/bold.org/13417883";"2018-02-03 01:52:05|2018-02-02 23:03:49";"Naturalis Biodiversity Centre|Naturalis Biodiversity Centre";"R|F";"1800mod|18S-KP-F";"18S|18S";921;FALSE
"7218";"ATCP190-19";"Psou_VANC_02_01";10402965;"4012541715";"";"Naturalis Biodiversity Centre";NA;"";23;"Mollusca";92;"Gastropoda";208508;"Littorinimorpha";85053;"Atlantidae";NA;"";766855;"Protatlanta";766857;"Protatlanta souleyeti";NA;"";"Deborah Wall-Palmer";"";"";NA;"";"";NA;"";NA;NA;NA;"";"";"";"";"";"";"";NA;NA;"";"";-35,067;24,502;NA;NA;NA;NA;NA;NA;"Indian Ocean";"";"";"";"VANC_02";"";"";"";"";"";"";"";"";"";13161041;"18S";"";"CCCATGGTGCTCTTAACTGAGCGTTTTGGGTGGCCGGAACGTTTACTTTGAAGAAATTAGAGTGTTCAAAGCAGGCTTGTGGGCCTGAATAATGGTGCATGGAATAATGGAATAGGACCTCGGTTCTATTTTGCTGGTTTTCGGAACACGAGGTAATGATTAAGAGGGACAGACGGGGGCATCCGTATTGCGGTGTTAGAGGTGAAATTCTTGGATCATCGCAAGACGAACTACTGCGAAAGCATTTGCCAAGAATGTTTTCATTAGTCAAGAACGAAAGTCAGAGGTTCGAAGACGATCAGATACCGTCGTAGTTCTGACCATAAACGATGCCAACTAGCGATCCGCTGGTGTTGCTTCATCGACTCTGCGGGCAGCTTACGGGAAACCAAAGTCTTTGGGTTCCGGGGGAAGTATGGTTGCAAAGCTGAAACTTAAAGGAATTGACGGAAGGGCACCACCAGGAGTGGAGCCTGCGGCTTAATTTGACTCAACACGGGAAAACTCACCCGGTCCGGACACTGTAAGGATTGACAGATTGAGAGCTCTTTCTTGATTCGGTGGGTGGTGGTGCATGGCCGTTCTTAGTTGGTGGAGCGATTTGTCTGGTTAATTCCGATAACGAACGAGACTCTAGCCTACTAAATAGTTCGTCGATCCATTTTGCGTCGACGTCAACTTCTTAGAGGGACAAGTGGCGTATAGTCACACGAGATTGAGCAATAACAGGTCTGTGATGCCCTTAGATGTCCGGGGCCGCACGCGCGCTACACTGAAGGAATCAGCGTGGCTTTCTCCCTGGTTCGAGAGAATTGGGAAACCCGTTGAATCTCCTTCGTGATAGGGATTGGGGCTTGAAATTCTTCCCCATGAACGAGGAATTCCCAGTAAGCGCGAGTCATAAGCTCGCGTTGATTACGT";"11598680|11598681";"e4012541721_Atl_tok_DW015_28S-E07_M13F-C1-F_M13R-D3-R_M13R-pUC_S180661171.ab1|e4012541721_Atl_tok_DW015_28S-E07_M13F-C1-F_M13R-D3-R_M13-FP_S180661123.ab1";"http://trace.boldsystems.org/traceIO/bold.org/13417786|http://trace.boldsystems.org/traceIO/bold.org/13417787";"2018-03-07 20:54:23|2018-03-07 20:54:23";"Naturalis Biodiversity Centre|Naturalis Biodiversity Centre";"R|F";"1800mod|18S-KP-F";"18S|18S";921;FALSE
"7221";"ATCP363-19";"Psou_AMT24_06_03.duplicate";10403138;"4010128372";"";"Naturalis Biodiversity Centre";NA;"";23;"Mollusca";92;"Gastropoda";208508;"Littorinimorpha";85053;"Atlantidae";NA;"";766855;"Protatlanta";766857;"Protatlanta souleyeti";NA;"";"Deborah Wall-Palmer";"";"";NA;"";"";NA;"";NA;NA;NA;"";"";"";"";"";"";"";NA;NA;"";"";31,3;-27,728;NA;NA;NA;NA;NA;NA;"Atlantic Ocean";"";"";"";"AMT24_06";"";"";"";"";"";"";"";"";"";13151563;"18S";"";"CCCATGGTGCTCTTAACTGAGCGTTTTGGGTGGCCGGAACGTTTACTTTGAAGAAATTAGAGTGTTCAAAGCAGGCTTGTGGGCCTGAATAATGGTGCATGGAATAATGGAATAGGACCTCGGTTCTATTTTGCTGGTTTTCGGAACACGAGGTAATGATTAAGAGGGACAGACGGGGGCATCCGTATTGCGGTGTTAGAGGTGAAATTCTTGGATCATCGCAAGACGAACTACTGCGAAAGCATTTGCCAAGAATGTTTTCATTAGTCAAGAACGAAAGTCAGAGGTTCGAAGACGATCAGATACCGTCGTAGTTCTGACCATAAACGATGCCAACTAGCGATCCGCTGGTGTTGCTTCATCGACTCTGCGGGCAGCTTACGGGAAACCAAAGTCTTTGGGTTCCGGGGGAAGTATGGTTGCAAAGCTGAAACTTAAAGGAATTGACGGAAGGGCACCACCAGGAGTGGAGCCTGCGGCTTAATTTGACTCAACACGGGAAAACTCACCCGGTCCGGACACTGTAAGGATTGACAGATTGAGAGCTCTTTCTTGATTCGGTGGGTGGTGGTGCATGGCCGTTCTTAGTTGGTGGAGCGATTTGTCTGGTTAATTCCGATAACGAACGAGACTCTAGCCTACTAAATAGTTCGTCGATCCATTTTGCGTCGACGTCAACTTCTTAGAGGGACAAGTGGCGTATAGTCACACGAGATTGAGCAATAACAGGTCTGTGATGCCCTTAGATGTCCGGGGCCGCACGCGCGCTACACTGAAGGAATCAGCGTGGCTTTCTCCCTGGTTCGAGAGAATTGGGAAACCCGTTGAATCTCCTTCGTGATAGGGATTGGGGCTTGAAATTCTTCCCCATGAACGAGGAATTCCCAGTAAGCGCGAGTCATAAGCTCGCGTTGATTACGT";"11599303|11599304";"e4010128372_P00_sou_DW010_18S_B-A05_M13F-18S-KP-F_M13R-1800R_M13R-pUC_Y180461129.ab1|e4010128372_P00_sou_DW010_18S_B-A05_M13F-18S-KP-F_M13R-1800R_M13-FP_Y180461033.ab1";"http://trace.boldsystems.org/traceIO/bold.org/13418409|http://trace.boldsystems.org/traceIO/bold.org/13418410";"2018-02-16 00:58:31|2018-02-15 23:01:08";"Naturalis Biodiversity Centre|Naturalis Biodiversity Centre";"R|F";"1800mod|18S-KP-F";"18S|18S";921;FALSE
"7277";"AGD422-17";"Psou_ACAS_08_01";7574017;"4012543243";"";"Naturalis Biodiversity Centre";NA;"BOLD:ADG7915";23;"Mollusca";92;"Gastropoda";208508;"Littorinimorpha";85053;"Atlantidae";NA;"";766855;"Protatlanta";766857;"Protatlanta souleyeti";NA;"";"Deborah Wall-Palmer";"";"";NA;"";"";NA;"";NA;NA;NA;"";"";"";"";"";"";"";NA;NA;"";"";31,241;173,919;NA;NA;NA;NA;NA;NA;"Pacific Ocean";"";"";"";"ACAS_08";"3191446";"http://www.boldsystems.org/pics/AGD/Psou_ACAS_08_01+1476349072.jpg";"Apical";"";"Deborah Wall-Palmer";"2017";"CreativeCommons - Attribution Non-Commercial Share-Alike";"Naturalis Biodiversity Center";"Deborah wall-Palmer";13151395;"18S";"";"CCCATGGTGCTCTTAACTGAGCGTTTTGGGTGGCCGGAACGTTTACTTTGAAGAAATTAGAGTGTTCAAAGCAGGCTTGTGGGCCTGAATAATGGTGCATGGAATAATGGAATAGGACCTCGGTTCTATTTTGCTGGTTTTCGGAACACGAGGTAATGATTAAGAGGGACAGACGGGGGCATCCGTATTGCGGTGTTAGAGGTGAAATTCTTGGATCATCGCAAGACGAACTACTGCGAAAGCATTTGCCAAGAATGTTTTCATTAGTCAAGAACGAAAGTCAGAGGTTCGAAGACGATCAGATACCGTCGTAGTTCTGACCATAAACGATGCCAACTAGCGATCCGCTGGTGTTGCTTCATCGACTCTGCGGGCAGCTTACGGGAAACCAAAGTCTTTGGGTTCCGGGGGAAGTATGGTTGCAAAGCTGAAACTTAAAGGAATTGACGGAAGGGCACCACCAGGAGTGGAGCCTGCGGCTTAATTTGACTCAACACGGGAAAACTCACCCGGTCCGGACACTGTAAGGATTGACAGATTGAGAGCTCTTTCTTGATTCGGTGGGTGGTGGTGCATGGCCGTTCTTAGTTGGTGGAGCGATTTGTCTGGTTAATTCCGATAACGAACGAGACTCTAGCCTACTAAATAGTTCGTCGATCCATTTTGCGTCGACGTCAACTTCTTAGAGGGACAAGTGGCGTATAGTCACACGAGATTGAGCAATAACAGGTCTGTGATGCCCTTAGATGTCCGGGGCCGCACGCGCGCTACACTGAAGGAATCAGCGTGGCTTTCTCCCTGGTTCGAGAGAATTGGGAAACCCGTTGAATCTCCTTCGTGATAGGGATTGGGGCTTGAAATTCTTCCCCATGAACGAGGAATTCCCAGTAAGCGCGAGTCATAAGCTCGCGTTGATTACGT";"11598514|11598515";"e4012543248_A00_per_DW011_18S_B-G02_M13F-18S-KP-F_M13R-1800R_M13R-pUC_Z180461111.ab1|e4012543248_A00_per_DW011_18S_B-G02_M13F-18S-KP-F_M13R-1800R_M13-FP_Z180461015.ab1";"http://trace.boldsystems.org/traceIO/bold.org/13417620|http://trace.boldsystems.org/traceIO/bold.org/13417621";"2018-02-15 23:11:34|2018-02-15 21:13:45";"Naturalis Biodiversity Centre|Naturalis Biodiversity Centre";"R|F";"1800mod|18S-KP-F";"18S|18S";921;FALSE
"7278";"AGD423-17";"Psou_ACAS_08_02";7574018;"4012543255";"";"Naturalis Biodiversity Centre";NA;"BOLD:ADG7915";23;"Mollusca";92;"Gastropoda";208508;"Littorinimorpha";85053;"Atlantidae";NA;"";766855;"Protatlanta";766857;"Protatlanta souleyeti";NA;"";"Deborah Wall-Palmer";"";"";NA;"";"";NA;"";NA;NA;NA;"";"";"";"";"";"";"";NA;NA;"";"";31,241;173,919;NA;NA;NA;NA;NA;NA;"Pacific Ocean";"";"";"";"ACAS_08";"3191447";"http://www.boldsystems.org/pics/AGD/Psou_ACAS_08_02+1476349072.jpg";"Apical";"";"Deborah Wall-Palmer";"2017";"CreativeCommons - Attribution Non-Commercial Share-Alike";"Naturalis Biodiversity Center";"Deborah wall-Palmer";13151396;"18S";"";"CCCATGGTGCTCTTAACTGAGCGTTTTGGGTGGCCGGAACGTTTACTTTGAAGAAATTAGAGTGTTCAAAGCAGGCTTGTGGGCCTGAATAATGGTGCATGGAATAATGGAATAGGACCTCGGTTCTATTTTGCTGGTTTTCGGAACACGAGGTAATGATTAAGAGGGACAGACGGGGGCATCCGTATTGCGGTGTTAGAGGTGAAATTCTTGGATCATCGCAAGACGAACTACTGCGAAAGCATTTGCCAAGAATGTTTTCATTAGTCAAGAACGAAAGTCAGAGGTTCGAAGACGATCAGATACCGTCGTAGTTCTGACCATAAACGATGCCAACTAGCGATCCGCTGGTGTTGCTTCATCGACTCTGCGGGCAGCTTACGGGAAACCAAAGTCTTTGGGTTCCGGGGGAAGTATGGTTGCAAAGCTGAAACTTAAAGGAATTGACGGAAGGGCACCACCAGGAGTGGAGCCTGCGGCTTAATTTGACTCAACACGGGAAAACTCACCCGGTCCGGACACTGTAAGGATTGACAGATTGAGAGCTCTTTCTTGATTCGGTGGGTGGTGGTGCATGGCCGTTCTTAGTTGGTGGAGCGATTTGTCTGGTTAATTCCGATAACGAACGAGACTCTAGCCTACTAAATAGTTCGTCGATCCATTTTGCGTCGACGTCAACTTCTTAGAGGGACAAGTGGCGTATAGTCACACGAGATTGAGCAATAACAGGTCTGTGATGCCCTTAGATGTCCGGGGCCGCACGCGCGCTACACTGAAGGAATCAGCGTGGCTTTCTCCCTGGTTCGAGAGAATTGGGAAACCCGTTGAATCTCCTTCGTGATAGGGATTGGGGCTTGAAATTCTTCCCCATGAACGAGGAATTCCCAGTAAGCGCGAGTCATAAGCTCGCGTTGATTACGT";"11598500|11598501";"e4012543255_Pro_sou_DW014_18S-H10_M13F-18S-KP-F_M13R-1800R_M13R-pUC_W180661368.ab1|e4012543255_Pro_sou_DW014_18S-H10_M13F-18S-KP-F_M13R-1800R_M13-FP_W180661272.ab1";"http://trace.boldsystems.org/traceIO/bold.org/13417606|http://trace.boldsystems.org/traceIO/bold.org/13417607";"2018-03-08 03:59:52|2018-03-08 02:02:00";"Naturalis Biodiversity Centre|Naturalis Biodiversity Centre";"R|F";"1800mod|18S-KP-F";"18S|18S";921;FALSE
"7282";"AGD424-17";"Psou_ACAS_14_03";7574019;"4012543196";"";"Naturalis Biodiversity Centre";NA;"BOLD:ADG7915";23;"Mollusca";92;"Gastropoda";208508;"Littorinimorpha";85053;"Atlantidae";NA;"";766855;"Protatlanta";766857;"Protatlanta souleyeti";NA;"";"Deborah Wall-Palmer";"";"";NA;"";"";NA;"";NA;NA;NA;"";"";"";"";"";"";"";NA;NA;"";"";32,859;149,519;NA;NA;NA;NA;NA;NA;"Pacific Ocean";"";"";"";"ACAS_14";"3191448";"http://www.boldsystems.org/pics/AGD/Psou_ACAS_14_03+1476349073.jpg";"Apical";"";"Deborah Wall-Palmer";"2017";"CreativeCommons - Attribution Non-Commercial Share-Alike";"Naturalis Biodiversity Center";"Deborah wall-Palmer";13151397;"18S";"";"CCCATGGTGCTCTTAACTGAGCGTTTTGGGTGGCCGGAACGTTTACTTTGAAGAAATTAGAGTGTTCAAAGCAGGCTTGTGGGCCTGAATAATGGTGCATGGAATAATGGAATAGGACCTCGGTTCTATTTTGCTGGTTTTCGGAACACGAGGTAATGATTAAGAGGGACAGACGGGGGCATCCGTATTGCGGTGTTAGAGGTGAAATTCTTGGATCATCGCAAGACGAACTACTGCGAAAGCATTTGCCAAGAATGTTTTCATTAGTCAAGAACGAAAGTCAGAGGTTCGAAGACGATCAGATACCGTCGTAGTTCTGACCATAAACGATGCCAACTAGCGATCCGCTGGTGTTGCTTCATCGACTCTGCGGGCAGCTTACGGGAAACCAAAGTCTTTGGGTTCCGGGGGAAGTATGGTTGCAAAGCTGAAACTTAAAGGAATTGACGGAAGGGCACCACCAGGAGTGGAGCCTGCGGCTTAATTTGACTCAACACGGGAAAACTCACCCGGTCCGGACACTGTAAGGATTGACAGATTGAGAGCTCTTTCTTGATTCGGTGGGTGGTGGTGCATGGCCGTTCTTAGTTGGTGGAGCGATTTGTCTGGTTAATTCCGATAACGAACGAGACTCTAGCCTACTAAATAGTTCGTCGATCCATTTTGCGTCGACGTCAACTTCTTAGAGGGACAAGTGGCGTATAGTCACACGAGATTGAGCAATAACAGGTCTGTGATGCCCTTAGATGTCCGGGGCCGCACGCGCGCTACACTGAAGGAATCAGCGTGGCTTTCTCCCTGGTTCGAGAGAATTGGGAAACCCGTTGAATCTCCTTCGTGATAGGGATTGGGGCTTGAAATTCTTCCCCATGAACGAGGAATTCCCAGTAAGCGCGAGTCATAAGCTCGCGTTGATTACGT";"11598560|11598561";"e4012543197_P00_sou_DW010_18S_B-H11_M13F-18S-KP-F_M13R-1800R_M13R-pUC_Y180461184.ab1|e4012543197_P00_sou_DW010_18S_B-H11_M13F-18S-KP-F_M13R-1800R_M13-FP_Y180461088.ab1";"http://trace.boldsystems.org/traceIO/bold.org/13417666|http://trace.boldsystems.org/traceIO/bold.org/13417667";"2018-02-16 00:58:31|2018-02-15 23:01:08";"Naturalis Biodiversity Centre|Naturalis Biodiversity Centre";"R|F";"1800mod|18S-KP-F";"18S|18S";921;FALSE
"7285";"AGD427-17";"Psou_AMT24_20_01";7574022;"4012541771";"";"Naturalis Biodiversity Centre";NA;"BOLD:ADG7915";23;"Mollusca";92;"Gastropoda";208508;"Littorinimorpha";85053;"Atlantidae";NA;"";766855;"Protatlanta";766857;"Protatlanta souleyeti";NA;"";"Deborah Wall-Palmer";"";"";NA;"";"";NA;"";NA;NA;NA;"";"";"";"";"";"";"";NA;NA;"";"";-18,3164;-25,0904;NA;NA;NA;NA;NA;NA;"Atlantic Ocean";"";"";"";"AMT24_20";"3191451";"http://www.boldsystems.org/pics/AGD/Psou_AMT24_20_01+1476349307.jpg";"Apical";"";"Deborah Wall-Palmer";"2017";"CreativeCommons - Attribution Non-Commercial Share-Alike";"Naturalis Biodiversity Center";"Deborah wall-Palmer";13151398;"18S";"";"CCCATGGTGCTCTTAACTGAGCGTTTTGGGTGGCCGGAACGTTTACTTTGAAGAAATTAGAGTGTTCAAAGCAGGCTTGTGGGCCTGAATAATGGTGCATGGAATAATGGAATAGGACCTCGGTTCTATTTTGCTGGTTTTCGGAACACGAGGTAATGATTAAGAGGGACAGACGGGGGCATCCGTATTGCGGTGTTAGAGGTGAAATTCTTGGATCATCGCAAGACGAACTACTGCGAAAGCATTTGCCAAGAATGTTTTCATTAGTCAAGAACGAAAGTCAGAGGTTCGAAGACGATCAGATACCGTCGTAGTTCTGACCATAAACGATGCCAACTAGCGATCCGCTGGTGTTGCTTCATCGACTCTGCGGGCAGCTTACGGGAAACCAAAGTCTTTGGGTTCCGGGGGAAGTATGGTTGCAAAGCTGAAACTTAAAGGAATTGACGGAAGGGCACCACCAGGAGTGGAGCCTGCGGCTTAATTTGACTCAACACGGGAAAACTCACCCGGTCCGGACACTGTAAGGATTGACAGATTGAGAGCTCTTTCTTGATTCGGTGGGTGGTGGTGCATGGCCGTTCTTAGTTGGTGGAGCGATTTGTCTGGTTAATTCCGATAACGAACGAGACTCTAGCCTACTAAATAGTTCGTCGATCCATTTTGCGTCGACGTCAACTTCTTAGAGGGACAAGTGGCGTATAGTCACACGAGATTGAGCAATAACAGGTCTGTGATGCCCTTAGATGTCCGGGGCCGCACGCGCGCTACACTGAAGGAATCAGCGTGGCTTTCTCCCTGGTTCGAGAGAATTGGGAAACCCGTTGAATCTCCTTCGTGATAGGGATTGGGGCTTGAAATTCTTCCCCATGAACGAGGAATTCCCAGTAAGCGCGAGTCATAAGCTCGCGTTGATTACGT";"11598624|11598625";"e4012541775_A00_per_DW011_18S_B-D06_M13F-18S-KP-F_M13R-1800R_M13R-pUC_Z180461140.ab1|e4012541775_A00_per_DW011_18S_B-D06_M13F-18S-KP-F_M13R-1800R_M13-FP_Z180461044.ab1";"http://trace.boldsystems.org/traceIO/bold.org/13417730|http://trace.boldsystems.org/traceIO/bold.org/13417731";"2018-02-15 23:11:34|2018-02-15 21:13:45";"Naturalis Biodiversity Centre|Naturalis Biodiversity Centre";"R|F";"1800mod|18S-KP-F";"18S|18S";921;FALSE
"7290";"AGD431-17";"Psou_AMT24_27_02";7574026;"4012541819";"";"Naturalis Biodiversity Centre";NA;"BOLD:ADG7915";23;"Mollusca";92;"Gastropoda";208508;"Littorinimorpha";85053;"Atlantidae";NA;"";766855;"Protatlanta";766857;"Protatlanta souleyeti";NA;"";"Deborah Wall-Palmer";"";"";NA;"";"";NA;"";NA;NA;NA;"";"";"";"";"";"";"";NA;NA;"";"";-40,1167;-30,9137;NA;NA;NA;NA;NA;NA;"Atlantic Ocean";"";"";"";"AMT24_27";"3191455";"http://www.boldsystems.org/pics/AGD/Psou_AMT24_27_02+1476349323.jpg";"Apical";"";"Deborah Wall-Palmer";"2017";"CreativeCommons - Attribution Non-Commercial Share-Alike";"Naturalis Biodiversity Center";"Deborah wall-Palmer";13151399;"18S";"";"CCCATGGTGCTCTTAACTGAGCGTTTTGGGTGGCCGGAACGTTTACTTTGAAGAAATTAGAGTGTTCAAAGCAGGCTTGTGGGCCTGAATAATGGTGCATGGAATAATGGAATAGGACCTCGGTTCTATTTTGCTGGTTTTCGGAACACGAGGTAATGATTAAGAGGGACAGACGGGGGCATCCGTATTGCGGTGTTAGAGGTGAAATTCTTGGATCATCGCAAGACGAACTACTGCGAAAGCATTTGCCAAGAATGTTTTCATTAGTCAAGAACGAAAGTCAGAGGTTCGAAGACGATCAGATACCGTCGTAGTTCTGACCATAAACGATGCCAACTAGCGATCCGCTGGTGTTGCTTCATCGACTCTGCGGGCAGCTTACGGGAAACCAAAGTCTTTGGGTTCCGGGGGAAGTATGGTTGCAAAGCTGAAACTTAAAGGAATTGACGGAAGGGCACCACCAGGAGTGGAGCCTGCGGCTTAATTTGACTCAACACGGGAAAACTCACCCGGTCCGGACACTGTAAGGATTGACAGATTGAGAGCTCTTTCTTGATTCGGTGGGTGGTGGTGCATGGCCGTTCTTAGTTGGTGGAGCGATTTGTCTGGTTAATTCCGATAACGAACGAGACTCTAGCCTACTAAATAGTTCGTCGATCCATTTTGCGTCGACGTCAACTTCTTAGAGGGACAAGTGGCGTATAGTCACACGAGATTGAGCAATAACAGGTCTGTGATGCCCTTAGATGTCCGGGGCCGCACGCGCGCTACACTGAAGGAATCAGCGTGGCTTTCTCCCTGGTTCGAGAGAATTGGGAAACCCGTTGAATCTCCTTCGTGATAGGGATTGGGGCTTGAAATTYTTCCCCATGAACGAGGAATTCCCAGTAAGCGSGAGTCATAAGCTCGCGTTGATTACGT";"11598581|11598580";"e4012541821_A00_hel_DW011_18S_B-C08_M13F-18S-KP-F_M13R-1800R_M13-FP_Z180461059.ab1|e4012541821_A00_hel_DW011_18S_B-C08_M13F-18S-KP-F_M13R-1800R_M13R-pUC_Z180461155.ab1";"http://trace.boldsystems.org/traceIO/bold.org/13417687|http://trace.boldsystems.org/traceIO/bold.org/13417686";"2018-02-15 21:13:45|2018-02-15 23:11:34";"Naturalis Biodiversity Centre|Naturalis Biodiversity Centre";"F|R";"18S-KP-F|1800mod";"18S|18S";921;FALSE
"7294";"AGD432-17";"Psou_KH1110_02_01";7574027;"4012543208";"";"Naturalis Biodiversity Centre";NA;"BOLD:ADG7915";23;"Mollusca";92;"Gastropoda";208508;"Littorinimorpha";85053;"Atlantidae";NA;"";766855;"Protatlanta";766857;"Protatlanta souleyeti";NA;"";"Deborah Wall-Palmer";"";"";NA;"";"";NA;"";NA;NA;NA;"";"";"";"";"";"";"";NA;NA;"";"";-23,004;160;NA;NA;NA;NA;NA;NA;"Pacific Ocean";"";"";"";"KH1110_02";"3191456";"http://www.boldsystems.org/pics/AGD/Psou_KH1110_02_01+1476349361.jpg";"Apical";"";"Deborah Wall-Palmer";"2017";"CreativeCommons - Attribution Non-Commercial Share-Alike";"Naturalis Biodiversity Center";"Deborah wall-Palmer";13151400;"18S";"";"CCCATGGTGCTCTTAACTGAGCGTTTTGGGTGGCCGGAACGTTTACTTTGAAGAAATTAGAGTGTTCAAAGCAGGCTTGTGGGCCTGAATAATGGTGCATGGAATAATGGAATAGGACCTCGGTTCTATTTTGCTGGTTTTCGGAACACGAGGTAATGATTAAGAGGGACAGACGGGGGCATCCGTATTGCGGTGTTAGAGGTGAAATTCTTGGATCATCGCAAGACGAACTACTGCGAAAGCATTTGCCAAGAATGTTTTCATTAGTCAAGAACGAAAGTCAGAGGTTCGAAGACGATCAGATACCGTCGTAGTTCTGACCATAAACGATGCCAACTAGCGATCCGCTGGTGTTGCTTCATCGACTCTGCGGGCAGCTTACGGGAAACCAAAGTCTTTGGGTTCCGGGGGAAGTATGGTTGCAAAGCTGAAACTTAAAGGAATTGACGGAAGGGCACCACCAGGAGTGGAGCCTGCGGCTTAATTTGACTCAACACGGGAAAACTCACCCGGTCCGGACACTGTAAGGATTGACAGATTGAGAGCTCTTTCTTGATTCGGTGGGTGGTGGTGCATGGCCGTTCTTAGTTGGTGGAGCGATTTGTCTGGTTAATTCCGATAACGAACGAGACTCTAGCCTACTAAATAGTTCGTCGATCCATTTTGCGTCGACGTCAACTTCTTAGAGGGACAAGTGGCGTATAGTCACACGAGATTGAGCAATAACAGGTCTGTGATGCCCTTAGATGTCCGGGGCCGCACGCGCGCTACACTGAAGGAATCAGCGTGGCTTTCTCCCTGGTTCGAGAGAATTGGGAAACCCGTTGAATCTCCTTCGTGATAGGGATTGGGGCTTGAAATTCTTCCCCATGAACGAGGAATTCCCAGTAAGCGCGAGTCATAAGCTCGCGTTGATTACGT";"11598544|11598545";"e4012543209_P00_sou_DW010_18S_B-G12_M13F-18S-KP-F_M13R-1800R_M13R-pUC_Y180461191.ab1|e4012543209_P00_sou_DW010_18S_B-G12_M13F-18S-KP-F_M13R-1800R_M13-FP_Y180461095.ab1";"http://trace.boldsystems.org/traceIO/bold.org/13417650|http://trace.boldsystems.org/traceIO/bold.org/13417651";"2018-02-16 00:58:31|2018-02-15 23:01:08";"Naturalis Biodiversity Centre|Naturalis Biodiversity Centre";"R|F";"1800mod|18S-KP-F";"18S|18S";921;FALSE
"7298";"AGD436-17";"Psou_KH1110_08_02";7574031;"4012543256";"";"Naturalis Biodiversity Centre";NA;"BOLD:ADG7916";23;"Mollusca";92;"Gastropoda";208508;"Littorinimorpha";85053;"Atlantidae";NA;"";766855;"Protatlanta";766857;"Protatlanta souleyeti";NA;"";"Deborah Wall-Palmer";"";"";NA;"";"";NA;"";NA;NA;NA;"";"";"";"";"";"";"";NA;NA;"";"";-22,79;-158,101;NA;NA;NA;NA;NA;NA;"Pacific Ocean";"";"";"";"KH1110_08";"3191460";"http://www.boldsystems.org/pics/AGD/Psou_KH1110_08_02+1476349362.jpg";"Apical";"";"Deborah Wall-Palmer";"2017";"CreativeCommons - Attribution Non-Commercial Share-Alike";"Naturalis Biodiversity Center";"Deborah wall-Palmer";13151403;"18S";"";"CCCATGGTGCTCTTAACTGAGCGTTTTGGGTGGCCGGAACGTTTACTTTGAAGAAATTAGAGTGTTCAAAGCAGGCTTGTGGGCCTGAATAATGGTGCATGGAATAATGGAATAGGACCTCGGTTCTATTTTGCTGGTTTTCGGAACACGAGGTAATGATTAAGAGGGACAGACGGGGGCATCCGTATTGCGGTGTTAGAGGTGAAATTCTTGGATCATCGCAAGACGAACTACTGCGAAAGCATTTGCCAAGAATGTTTTCATTAGTCAAGAACGAAAGTCAGAGGTTCGAAGACGATCAGATACCGTCGTAGTTCTGACCATAAACGATGCCAACTAGCGATCCGCTGGTGTTGCTTCATCGACTCTGCGGGCAGCTTACGGGAAACCAAAGTCTTTGGGTTCCGGGGGAAGTATGGTTGCAAAGCTGAAACTTAAAGGAATTGACGGAAGGGCACCACCAGGAGTGGAGCCTGCGGCTTAATTTGACTCAACACGGGAAAACTCACCCGGTCCGGACACTGTAAGGATTGACAGATTGAGAGCTCTTTCTTGATTCGGTGGGTGGTGGTGCATGGCCGTTCTTAGTTGGTGGAGCGATTTGTCTGGTTAATTCCGATAACGAACGAGACTCTAGCCTACTAAATAGTTCGTCGATCCATTTTGCGTCGACGTCAACTTCTTAGAGGGACAAGTGGCGTATAGTCACACGAGATTGAGCAATAACAGGTCTGTGATGCCCTTAGATGTCCGGGGCCGCACGCGCGCTACACTGAAGGAATCAGCGTGGCTTTCTCCCTGGTTCGAGAGAATTGGGAAACCCGTTGAATCTCCTTCGTGATAGGGATTGGGGCTTGAAATTCTTCCCCATGAACGAGGAATTCCCAGTAAGCGCGAGTCATAAGCTCGCGTTGATTACGT";"11598496|11598497";"e4012543256_P00_sou_DW011_18S_B-D03_M13F-18S-KP-F_M13R-1800R_M13R-pUC_Z180461116.ab1|e4012543256_P00_sou_DW011_18S_B-D03_M13F-18S-KP-F_M13R-1800R_M13-FP_Z180461020.ab1";"http://trace.boldsystems.org/traceIO/bold.org/13417602|http://trace.boldsystems.org/traceIO/bold.org/13417603";"2018-02-15 23:11:34|2018-02-15 21:13:45";"Naturalis Biodiversity Centre|Naturalis Biodiversity Centre";"R|F";"1800mod|18S-KP-F";"18S|18S";921;FALSE
"7302";"AGD438-17";"Psou_KH1110_18_02";7574033;"4012543197";"";"Naturalis Biodiversity Centre";NA;"BOLD:ADG7915";23;"Mollusca";92;"Gastropoda";208508;"Littorinimorpha";85053;"Atlantidae";NA;"";766855;"Protatlanta";766857;"Protatlanta souleyeti";NA;"";"Deborah Wall-Palmer";"";"";NA;"";"";NA;"";NA;NA;NA;"";"";"";"";"";"";"";NA;NA;"";"";-29,998;-107,004;NA;NA;NA;NA;NA;NA;"Pacific Ocean";"";"";"";"KH1110_18";"3191462";"http://www.boldsystems.org/pics/AGD/Psou_KH1110_18_02+1476349391.jpg";"Apical";"";"Deborah Wall-Palmer";"2017";"CreativeCommons - Attribution Non-Commercial Share-Alike";"Naturalis Biodiversity Center";"Deborah wall-Palmer";13151404;"18S";"";"CCCATGGTGCTCTTAACTGAGCGTTTTGGGTGGCCGGAACGTTTACTTTGAAGAAATTAGAGTGTTCAAAGCAGGCTTGTGGGCCTGAATAATGGTGCATGGAATAATGGAATAGGACCTCGGTTCTATTTTGCTGGTTTTCGGAACACGAGGTAATGATTAAGAGGGACAGACGGGGGCATCCGTATTGCGGTGTTAGAGGTGAAATTCTTGGATCATCGCAAGACGAACTACTGCGAAAGCATTTGCCAAGAATGTTTTCATTAGTCAAGAACGAAAGTCAGAGGTTCGAAGACGATCAGATACCGTCGTAGTTCTGACCATAAACGATGCCAACTAGCGATCCGCTGGTGTTGCTTCATCGACTCTGCGGGCAGCTTACGGGAAACCAAAGTCTTTGGGTTCCGGGGGAAGTATGGTTGCAAAGCTGAAACTTAAAGGAATTGACGGAAGGGCACCACCAGGAGTGGAGCCTGCGGCTTAATTTGACTCAACACGGGAAAACTCACCCGGTCCGGACACTGTAAGGATTGACAGATTGAGAGCTCTTTCTTGATTCGGTGGGTGGTGGTGCATGGCCGTTCTTAGTTGGTGGAGCGATTTGTCTGGTTAATTCCGATAACGAACGAGACTCTAGCCTACTAAATAGTTCGTCGATCCATTTTGCGTCGACGTCAACTTCTTAGAGGGACAAGTGGCGTATAGTCACACGAGATTGAGCAATAACAGGTCTGTGATGCCCTTAGATGTCCGGGGCCGCACGCGCGCTACACTGAAGGAATCAGCGTGGCTTTCTCCCTGGTTCGAGAGAATTGGGAAACCCGTTGAATCTCCTTCGTGATAGGGATTGGGGCTTGAAATTCTTCCCCATGAACGAGGAATTCCCAGTAAGCGCGAGTCATAAGCTCGCGTTGATTACGT";"11598558";"e4012543201_A00_bru_DW010_18S_B-A12_M13F-18S-KP-F_M13R-1800R_M13R-pUC_Y180461185.ab1";"http://trace.boldsystems.org/traceIO/bold.org/13417664";"2018-02-16 00:58:31";"Naturalis Biodiversity Centre";"R";"1800mod";"18S";921;FALSE
"7303";"AGD439-17";"Psou_KH1110_18_03";7574034;"4012543209";"";"Naturalis Biodiversity Centre";NA;"BOLD:ADG7915";23;"Mollusca";92;"Gastropoda";208508;"Littorinimorpha";85053;"Atlantidae";NA;"";766855;"Protatlanta";766857;"Protatlanta souleyeti";NA;"";"Deborah Wall-Palmer";"";"";NA;"";"";NA;"";NA;NA;NA;"";"";"";"";"";"";"";NA;NA;"";"";-29,998;-107,004;NA;NA;NA;NA;NA;NA;"Pacific Ocean";"";"";"";"KH1110_18";"3191463";"http://www.boldsystems.org/pics/AGD/Psou_KH1110_18_03+1476349391.jpg";"Apical";"";"Deborah Wall-Palmer";"2017";"CreativeCommons - Attribution Non-Commercial Share-Alike";"Naturalis Biodiversity Center";"Deborah wall-Palmer";13151405;"18S";"";"CCCATGGTGSTCTTAACTGAGCGTTTTGGGTGGCCGGAACGTTTACTTTGAAGAAATTAGAGTGTTCAAAGCAGGCTTGTGGGCCTGAATAATGGTGCATGGAATAATGGAATAGGACCTCGGTTCTATTTTGCTGGTTTTCGGAACACGAGGTAATGATTAAGAGGGACAGACGGGGGCATCCGTATTGCGGTGTTAGAGGTGAAATTCTTGGATCATCGCAAGACGAACTACTGCGAAAGCATTTGCCAAGAATGTTTTCATTAGTCAAGAACGAAAGTCAGAGGTTCGAAGACGATCAGATACCGTCGTAGTTCTGACCATAAACGATGCCAACTAGCGATCCGCTGGTGTTGCTTCATCGACTCTGCGGGCAGCTTACGGGAAACCAAAGTCTTTGGGTTCCGGGGGAAGTATGGTTGCAAAGCTGAAACTTAAAGGAATTGACGGAAGGGCACCACCAGGAGTGGAGCCTGCGGCTTAATTTGACTCAACACGGGAAAACTCACCCGGTCCGGACACTGTAAGGATTGACAGATTGAGAGCTCTTTCTTGATTCGGTGGGTGGTGGTGCATGGCCGTTCTTAGTTGGTGGAGCGATTTGTCTGGTTAATTCCGATAACGAACGAGACTCTAGCCTACTAAATAGTTCGTCGATCCATTTTGCGTCGACGTCAACTTCTTAGAGGGACAAGTGGCGTATAGTCACACGAGATTGAGCAATAACAGGTCTGTGATGCCCTTAGATGTCCGGGGCCGCACGCGCGCTACACTGAAGGAATCAGCGTGGCTTTCTCCCTGGTTCGAGAGAATTGGGAAACCCGTTGAATCTCCTTCGTGATAGGGATTGGGGCTTGAAATTCTTCCCCATGAACGAGGAATTCCCAGTAAGCGCGAGTCATAAGCTCGCGTTGATTACGT";"11598542|11598543";"e4012543211_A00_sel_DW011_18S_B-A01_M13F-18S-KP-F_M13R-1800R_M13R-pUC_Z180461097.ab1|e4012543211_A00_sel_DW011_18S_B-A01_M13F-18S-KP-F_M13R-1800R_M13-FP_Z180461001.ab1";"http://trace.boldsystems.org/traceIO/bold.org/13417648|http://trace.boldsystems.org/traceIO/bold.org/13417649";"2018-02-15 23:11:34|2018-02-15 21:13:45";"Naturalis Biodiversity Centre|Naturalis Biodiversity Centre";"R|F";"1800mod|18S-KP-F";"18S|18S";921;FALSE
"7306";"AGD440-17";"Psou_KH1110_21_01";7574035;"4012543221";"";"Naturalis Biodiversity Centre";NA;"BOLD:ADG7915";23;"Mollusca";92;"Gastropoda";208508;"Littorinimorpha";85053;"Atlantidae";NA;"";766855;"Protatlanta";766857;"Protatlanta souleyeti";NA;"";"Deborah Wall-Palmer";"";"";NA;"";"";NA;"";NA;NA;NA;"";"";"";"";"";"";"";NA;NA;"";"";-23,001;-100;NA;NA;NA;NA;NA;NA;"Pacific Ocean";"";"";"";"KH1110_21";"3191464";"http://www.boldsystems.org/pics/AGD/Psou_KH1110_21_01+1476349392.jpg";"Apical";"";"Deborah Wall-Palmer";"2017";"CreativeCommons - Attribution Non-Commercial Share-Alike";"Naturalis Biodiversity Center";"Deborah wall-Palmer";13151406;"18S";"";"CCCATGGTGCTCTTAACTGAGCGTTTTGGGTGGCCGGAACGTTTACTTTGAAGAAATTAGAGTGTTCAAAGCAGGCTTGTGGGCCTGAATAATGGTGCATGGAATAATGGAATAGGACCTCGGTTCTATTTTGCTGGTTTTCGGAACACGAGGTAATGATTAAGAGGGACAGACGGGGGCATCCGTATTGCGGTGTTAGAGGTGAAATTCTTGGATCATCGCAAGACGAACTACTGCGAAAGCATTTGCCAAGAATGTTTTCATTAGTCAAGAACGAAAGTCAGAGGTTCGAAGACGATCAGATACCGTCGTAGTTCTGACCATAAACGATGCCAACTAGCGATCCGCTGGTGTTGCTTCATCGACTCTGCGGGCAGCTTACGGGAAACCAAAGTCTTTGGGTTCCGGGGGAAGTATGGTTGCAAAGCTGAAACTTAAAGGAATTGACGGAAGGGCACCACCAGGAGTGGAGCCTGCGGCTTAATTTGACTCAACACGGGAAAACTCACCCGGTCCGGACACTGTAAGGATTGACAGATTGAGAGCTCTTTCTTGATTCGGTGGGTGGTGGTGCATGGCCGTTCTTAGTTGGTGGAGCGATTTGTCTGGTTAATTCCGATAACGAACGAGACTCTAGCCTACTAAATAGTTCGTCGATCCATTTTGCGTCGACGTCAACTTCTTAGAGGGACAAGTGGCGTATAGTCACACGAGATTGAGCAATAACAGGTCTGTGATGCCCTTAGATGTCCGGGGCCGCACGCGCGCTACACTGAAGGAATCAGCGTGGCTTTCTCCCTGGTTCGAGAGAATTGGGAAACCCGTTGAATCTCCTTCGTGATAGGGATTGGGGCTTGAAATTCTTCCCCATGAACGAGGAATTCCCAGTAAGCGCGAGTCATAAGCTCGCGTTGATTACGT";"11598528|11598529";"e4012543223_A00_sel_DW011_18S_B-G01_M13F-18S-KP-F_M13R-1800R_M13R-pUC_Z180461103.ab1|e4012543223_A00_sel_DW011_18S_B-G01_M13F-18S-KP-F_M13R-1800R_M13-FP_Z180461007.ab1";"http://trace.boldsystems.org/traceIO/bold.org/13417634|http://trace.boldsystems.org/traceIO/bold.org/13417635";"2018-02-15 23:11:34|2018-02-15 21:13:45";"Naturalis Biodiversity Centre|Naturalis Biodiversity Centre";"R|F";"1800mod|18S-KP-F";"18S|18S";921;FALSE
"7309";"ATCP173-19";"Psou_KOK1703_03_01";10402948;"4012526751";"";"Naturalis Biodiversity Centre";NA;"";23;"Mollusca";92;"Gastropoda";208508;"Littorinimorpha";85053;"Atlantidae";NA;"";766855;"Protatlanta";766857;"Protatlanta souleyeti";NA;"";"Deborah Wall-Palmer";"";"";NA;"";"";NA;"";NA;NA;NA;"";"";"";"";"";"";"";NA;NA;"";"";22,652;-157,685;NA;NA;NA;NA;NA;NA;"Pacific Ocean";"";"";"";"KOK1703_03";"3555774|3555773";"http://www.boldsystems.org/pics/ATCP/Psou_KOK1703_03_01B+1560513757.jpeg|http://www.boldsystems.org/pics/ATCP/Psou_KOK1703_03_01A+1560513757.jpeg";"Umbilical|Apical";"Adult|Adult";"|";"2019|2019";"CreativeCommons - Attribution Non-Commercial Share-Alike|CreativeCommons - Attribution Non-Commercial Share-Alike";"Naturalis Biodiversity Center|Naturalis Biodiversity Center";"Deborah Wall-Palmer|Deborah Wall-Palmer";13161031;"18S";"";"CCCATGGTGCTCTTAACTGAGCGTTTTGGGTGGCCGGAACGTTTACTTTGAAGAAATTAGAGTGTTCAAAGCAGGCTTGTGGGCCTGAATAATGGTGCATGGAATAATGGAATAGGACCTCGGTTCTATTTTGCTGGTTTTCGGAACACGAGGTAATGATTAAGAGGGACAGACGGGGGCATCCGTATTGCGGTGTTAGAGGTGAAATTCTTGGATCATCGCAAGACGAACTACTGCGAAAGCATTTGCCAAGAATGTTTTCATTAGTCAAGAACGAAAGTCAGAGGTTCGAAGACGATCAGATACCGTCGTAGTTCTGACCATAAACGATGCCAACTAGCGATCCGCTGGTGTTGCTTCATCGACTCTGCGGGCAGCTTACGGGAAACCAAAGTCTTTGGGTTCCGGGGGAAGTATGGTTGCAAAGCTGAAACTTAAAGGAATTGACGGAAGGGCACCACCAGGAGTGGAGCCTGCGGCTTAATTTGACTCAACACGGGAAAACTCACCCGGTCCGGACACTGTAAGGATTGACAGATTGAGAGCTCTTTCTTGATTCGGTGGGTGGTGGTGCATGGCCGTTCTTAGTTGGTGGAGCGATTTGTCTGGTTAATTCCGATAACGAACGAGACTCTAGCCTACTAAATAGTTCGTCGATCCATTTTGCGTCGACGTCAACTTCTTAGAGGGACAAGTGGCGTATAGTCACACGAGATTGAGCAATAACAGGTCTGTGATGCCCTTAGATGTCCGGGGCCGCACGCGCGCTACACTGAAGGAATCAGCGTGGCTTTCTCCCTGGTTCGAGAGAATTGGGAAACCCGTTGAATCTCCTTCGTGATAGGGATTGGGGCTTGAAATTCTTCCCCATGAACGAGGAATTCCCAGTAAGCGCGAGTCATAAGCTCGCGTTGATTACGT";"11599105|11599106";"e4012526751_Pro_sou_DW014_18S-A06_M13F-18S-KP-F_M13R-1800R_M13R-pUC_W180661329.ab1|e4012526751_Pro_sou_DW014_18S-A06_M13F-18S-KP-F_M13R-1800R_M13-FP_W180661233.ab1";"http://trace.boldsystems.org/traceIO/bold.org/13418211|http://trace.boldsystems.org/traceIO/bold.org/13418212";"2018-03-08 03:59:52|2018-03-08 02:02:00";"Naturalis Biodiversity Centre|Naturalis Biodiversity Centre";"R|F";"1800mod|18S-KP-F";"18S|18S";921;FALSE
"7313";"ATCP175-19";"Psou_SO255_080_01";10402950;"4012526783";"";"Naturalis Biodiversity Centre";NA;"";23;"Mollusca";92;"Gastropoda";208508;"Littorinimorpha";85053;"Atlantidae";NA;"";766855;"Protatlanta";766857;"Protatlanta souleyeti";NA;"";"Deborah Wall-Palmer";"";"";NA;"";"";NA;"";NA;NA;NA;"";"";"";"";"";"";"";NA;NA;"";"";-29,1;-179,72;NA;NA;NA;NA;NA;NA;"Pacific Ocean";"";"";"";"SO255_080";"3555777";"http://www.boldsystems.org/pics/ATCP/Psou_SO255_080_01A+1560513758.jpeg";"Apical";"Adult";"";"2019";"CreativeCommons - Attribution Non-Commercial Share-Alike";"Naturalis Biodiversity Center";"Deborah Wall-Palmer";13161033;"18S";"";"CCCATGGTGCTCTTAACTGAGCGTTTTGGGTGGCCGGAACGTTTACTTTGAAGAAATTAGAGTGTTCAAAGCAGGCTTGTGGGCCTGAATAATGGTGCATGGAATAATGGAATAGGACCTCGGTTCTATTTTGCTGGTTTTCGGAACACGAGGTAATGATTAAGAGGGACAGACGGGGGCATCCGTATTGCGGTGTTAGAGGTGAAATTCTTGGATCATCGCAAGACGAACTACTGCGAAAGCATTTGCCAAGAATGTTTTCATTAGTCAAGAACGAAAGTCAGAGGTTCGAAGACGATCAGATACCGTCGTAGTTCTGACCATAAACGATGCCAACTAGCGATCCGCTGGTGTTGCTTCATCGACTCTGCGGGCAGCTTACGGGAAACCAAAGTCTTTGGGTTCCGGGGGAAGTATGGTTGCAAAGCTGAAACTTAAAGGAATTGACGGAAGGGCACCACCAGGAGTGGAGCCTGCGGCTTAATTTGACTCAACACGGGAAAACTCACCCGGTCCGGACACTGTAAGGATTGACAGATTGAGAGCTCTTTCTTGATTCGGTGGGTGGTGGTGCATGGCCGTTCTTAGTTGGTGGAGCGATTTGTCTGGTTAATTCCGATAACGAACGAGACTCTAGCCTACTAAATAGTTCGTCGATCCATTTTGCGTCGACGTCAACTTCTTAGAGGGACAAGTGGCGTATAGTCACACGAGATTGAGCAATAACAGGTCTGTGATGCCCTTAGATGTCCGGGGCCGCACGCGCGCTACACTGAAGGAATCAGCGTGGCTTTCTCCCTGGTTCGAGAGAATTGGGAAACCCGTTGAATCTCCTTCGTGATAGGGATTGGGGCTTGAAATTCTTCCCCATGAACGAGGAATTCCCAGTAAGCGCGAGTCATAAGCTCGCGTTGATTACGT";"11599017|11599018";"e4012526783_Pro_sou_DW008_18S_B-B11_M13F-18S-KP-F_M13R-1800R_M13R-pUC_W180331274.ab1|e4012526783_Pro_sou_DW008_18S-B-B11_M13F-18S-KP-F_M13R-1800R_M13-FP_X180331274.ab1";"http://trace.boldsystems.org/traceIO/bold.org/13418123|http://trace.boldsystems.org/traceIO/bold.org/13418124";"2018-02-02 23:54:52|2018-02-02 23:03:49";"Naturalis Biodiversity Centre|Naturalis Biodiversity Centre";"R|F";"1800mod|18S-KP-F";"18S|18S";921;FALSE
"7316";"ATCP176-19";"Psou_AMT27_09_01";10402951;"4012526836";"";"Naturalis Biodiversity Centre";NA;"";23;"Mollusca";92;"Gastropoda";208508;"Littorinimorpha";85053;"Atlantidae";NA;"";766855;"Protatlanta";766857;"Protatlanta souleyeti";NA;"";"Deborah Wall-Palmer";"";"";NA;"";"";NA;"";NA;NA;NA;"";"";"";"";"";"";"";NA;NA;"";"";35,303;-26,279;NA;NA;NA;NA;NA;NA;"Atlantic Ocean";"";"";"";"AMT27_09";"3555769|3555770";"http://www.boldsystems.org/pics/ATCP/Psou_AMT27_09_01A+1560513756.jpeg|http://www.boldsystems.org/pics/ATCP/Psou_AMT27_09_01B+1560513756.jpeg";"Apical|Umbilical";"Adult|Adult";"|";"2019|2019";"CreativeCommons - Attribution Non-Commercial Share-Alike|CreativeCommons - Attribution Non-Commercial Share-Alike";"Naturalis Biodiversity Center|Naturalis Biodiversity Center";"Deborah Wall-Palmer|Deborah Wall-Palmer";13161034;"18S";"";"CCCATGGTGCTCTTAACTGAGCGTTTTGGGTGGCCGGAACGTTTACTTTGAAGAAATTAGAGTGTTCAAAGCAGGCTTGTGGGCCTGAATAATGGTGCATGGAATAATGGAATAGGACCTCGGTTCTATTTTGCTGGTTTTCGGAACACGAGGTAATGATTAAGAGGGACAGACGGGGGCATCCGTATTGCGGTGTTAGAGGTGAAATTCTTGGATCATCGCAAGACGAACTACTGCGAAAGCATTTGCCAAGAATGTTTTCATTAGTCAAGAACGAAAGTCAGAGGTTCGAAGACGATCAGATACCGTCGTAGTTCTGACCATAAACGATGCCAACTAGCGATCCGCTGGTGTTGCTTCATCGACTCTGCGGGCAGCTTACGGGAAACCAAAGTCTTTGGGTTCCGGGGGAAGTATGGTTGCAAAGCTGAAACTTAAAGGAATTGACGGAAGGGCACCACCAGGAGTGGAGCCTGCGGCTTAATTTGACTCAACACGGGAAAACTCACCCGGTCCGGACACTGTAAGGATTGACAGATTGAGAGCTCTTTCTTGATTCGGTGGGTGGTGGTGCATGGCCGTTCTTAGTTGGTGGAGCGATTTGTCTGGTTAATTCCGATAACGAACGAGACTCTAGCCTACTAAATAGTTCGTCGATCCATTTTGCGTCGACGTCAACTTCTTAGAGGGACAAGTGGCGTATAGTCACACGAGATTGAGCAATAACAGGTCTGTGATGCCCTTAGATGTCCGGGGCCGCACGCGCGCTACACTGAAGGAATCAGCGTGGCTTTCTCCCTGGTTCGAGAGAATTGGGAAACCCGTTGAATCTCCTTCGTGATAGGGATTGGGGCTTGAAATTCTTCCCCATGAACGAGGAATTCCCAGTAAGCGCGAGTCATAAGCTCGCGTTGATTACGT";"11598814|11598815";"e4012526836_Pro_sou_DW008_18S_B-G04_M13F-18S-KP-F_M13R-1800R_M13R-pUC_W180331223.ab1|e4012526836_Pro_sou_DW008_18S-B-G04_M13F-18S-KP-F_M13R-1800R_M13-FP_X180331223.ab1";"http://trace.boldsystems.org/traceIO/bold.org/13417920|http://trace.boldsystems.org/traceIO/bold.org/13417921";"2018-02-03 01:52:05|2018-02-02 23:03:49";"Naturalis Biodiversity Centre|Naturalis Biodiversity Centre";"R|F";"1800mod|18S-KP-F";"18S|18S";921;FALSE
"7318";"ATCP184-19";"Psou_SO255_100_01";10402959;"4012526795";"";"Naturalis Biodiversity Centre";NA;"";23;"Mollusca";92;"Gastropoda";208508;"Littorinimorpha";85053;"Atlantidae";NA;"";766855;"Protatlanta";766857;"Protatlanta souleyeti";NA;"";"Deborah Wall-Palmer";"";"";NA;"";"";NA;"";NA;NA;NA;"";"";"";"";"";"";"";NA;NA;"";"";-28,52;179,59;NA;NA;NA;NA;NA;NA;"Pacific Ocean";"";"";"";"SO255_100";"3555778";"http://www.boldsystems.org/pics/ATCP/Psou_SO255_100_01A+1560513758.jpeg";"Apical";"Adult";"";"2019";"CreativeCommons - Attribution Non-Commercial Share-Alike";"Naturalis Biodiversity Center";"Deborah Wall-Palmer";13161037;"18S";"";"CCCATGGTGCTCTTAACTGAGCGTTTTGGGTGGCCGGAACGTTTACTTTGAAGAAATTAGAGTGTTCAAAGCAGGCTTGTGGGCCTGAATAATGGTGCATGGAATAATGGAATAGGACCTCGGTTCTATTTTGCTGGTTTTCGGAACACGAGGTAATGATTAAGAGGGACAGACGGGGGCATCCGTATTGCGGTGTTAGAGGTGAAATTCTTGGATCATCGCAAGACGAACTACTGCGAAAGCATTTGCCAAGAATGTTTTCATTAGTCAAGAACGAAAGTCAGAGGTTCGAAGACGATCAGATACCGTCGTAGTTCTGACCATAAACGATGCCAACTAGCGATCCGCTGGTGTTGCTTCATCGACTCTGCGGGCAGCTTACGGGAAACCAAAGTCTTTGGGTTCCGGGGGAAGTATGGTTGCAAAGCTGAAACTTAAAGGAATTGACGGAAGGGCACCACCAGGAGTGGAGCCTGCGGCTTAATTTGACTCAACACGGGAAAACTCACCCGGTCCGGACACTGTAAGGATTGACAGATTGAGAGCTCTTTCTTGATTCGGTGGGTGGTGGTGCATGGCCGTTCTTAGTTGGTGGAGCGATTTGTCTGGTTAATTCCGATAACGAACGAGACTCTAGCCTACTAAATAGTTCGTCGATCCATTTTGCGTCGACGTCAACTTCTTAGAGGGACAAGTGGCGTATAGTCACACGAGATTGAGCAATAACAGGTCTGTGATGCCCTTAGATGTCCGGGGCCGCACGCGCGCTACACTGAAGGAATCAGCGTGGCTTTCTCCCTGGTTCGAGAGAATTGGGAAACCCGTTGAATCTCCTTCGTGATAGGGATTGGGGCTTGAAATTCTTCCCCATGAACGAGGAATTCCCAGTAAGCGCGAGTCATAAGCTCGCGTTGATTACGT";"11598972|11598973";"e4012526795_Pro_sou_DW008_18S_B-C11_M13F-18S-KP-F_M13R-1800R_M13R-pUC_W180331275.ab1|e4012526795_Pro_sou_DW008_18S-B-C11_M13F-18S-KP-F_M13R-1800R_M13-FP_X180331275.ab1";"http://trace.boldsystems.org/traceIO/bold.org/13418078|http://trace.boldsystems.org/traceIO/bold.org/13418079";"2018-02-02 23:54:52|2018-02-02 23:03:49";"Naturalis Biodiversity Centre|Naturalis Biodiversity Centre";"R|F";"1800mod|18S-KP-F";"18S|18S";921;FALSE
"7320";"ATCP186-19";"Psou_SO255_057_01";10402961;"4012526854";"";"Naturalis Biodiversity Centre";NA;"";23;"Mollusca";92;"Gastropoda";208508;"Littorinimorpha";85053;"Atlantidae";NA;"";766855;"Protatlanta";766857;"Protatlanta souleyeti";NA;"";"Deborah Wall-Palmer";"";"";NA;"";"";NA;"";NA;NA;NA;"";"";"";"";"";"";"";NA;NA;"";"";-29,95;-178,73;NA;NA;NA;NA;NA;NA;"Pacific Ocean";"";"";"";"SO255_057";"3555775";"http://www.boldsystems.org/pics/ATCP/Psou_SO255_057_01A+1560513757.jpeg";"Apical";"Adult";"";"2019";"CreativeCommons - Attribution Non-Commercial Share-Alike";"Naturalis Biodiversity Center";"Deborah Wall-Palmer";13161038;"18S";"";"CCCATGGTGCTCTTAACTGAGCGTTTTGGGTGGCCGGAACGTTTACTTTGAAGAAATTAGAGTGTTCAAAGCAGGCTTGTGGGCCTGAATAATGGTGCATGGAATAATGGAATAGGACCTCGGTTCTATTTTGCTGGTTTTCGGAACACGAGGTAATGATTAAGAGGGACAGACGGGGGCATCCGTATTGCGGTGTTAGAGGTGAAATTCTTGGATCATCGCAAGACGAACTACTGCGAAAGCATTTGCCAAGAATGTTTTCATTAGTCAAGAACGAAAGTCAGAGGTTCGAAGACGATCAGATACCGTCGTAGTTCTGACCATAAACGATGCCAACTAGCGATCCGCTGGTGTTGCTTCATCGACTCTGCGGGCAGCTTACGGGAAACCAAAGTCTTTGGGTTCCGGGGGAAGTATGGTTGCAAAGCTGAAACTTAAAGGAATTGACGGAAGGGCACCACCAGGAGTGGAGCCTGCGGCTTAATTTGACTCAACACGGGAAAACTCACCCGGTCCGGACACTGTAAGGATTGACAGATTGAGAGCTCTTTCTTGATTCGGTGGGTGGTGGTGCATGGCCGTTCTTAGTTGGTGGAGCGATTTGTCTGGTTAATTCCGATAACGAACGAGACTCTAGCCTACTAAATAGTTCGTCGATCCATTTTGCGTCGACGTCAACTTCTTAGAGGGACAAGTGGCGTATAGTCACACGAGATTGAGCAATAACAGGTCTGTGATGCCCTTAGATGTCCGGGGCCGCACGCGCGCTACACTGAAGGAATCAGCGTGGCTTTCTCCCTGGTTCGAGAGAATTGGGAAACCCGTTGAATCTCCTTCGTGATAGGGATTGGGGCTTGAAATTCTTCCCCATGAACGAGGAATTCCCAGTAAGCGCGAGTCATAAGCTCGCGTTGATTACGT";"11598753|11598752";"e4012526854_Pro_sou_DW008_18S-B-H10_M13F-18S-KP-F_M13R-1800R_M13-FP_X180331272.ab1|e4012526854_Pro_sou_DW008_18S_B-H10_M13F-18S-KP-F_M13R-1800R_M13R-pUC_W180331272.ab1";"http://trace.boldsystems.org/traceIO/bold.org/13417859|http://trace.boldsystems.org/traceIO/bold.org/13417858";"2018-02-02 23:03:49|2018-02-03 01:52:05";"Naturalis Biodiversity Centre|Naturalis Biodiversity Centre";"F|R";"18S-KP-F|1800mod";"18S|18S";921;FALSE
"7321";"ATCP189-19";"Ales_SO255_080_01";10402964;"4012526839";"";"Naturalis Biodiversity Centre";NA;"";23;"Mollusca";92;"Gastropoda";208508;"Littorinimorpha";85053;"Atlantidae";NA;"";766855;"Protatlanta";766857;"Protatlanta souleyeti";NA;"";"Deborah Wall-Palmer";"";"";NA;"";"";NA;"";NA;NA;NA;"";"";"";"";"";"";"";NA;NA;"";"";-29,1;-179,72;NA;NA;NA;NA;NA;NA;"Pacific Ocean";"";"";"";"SO255_080";"3555889";"http://www.boldsystems.org/pics/ATCP/Ales_SO255_080_01A+1560513516.jpeg";"Apical";"Juvenile";"";"2019";"CreativeCommons - Attribution Non-Commercial Share-Alike";"Naturalis Biodiversity Center";"Deborah Wall-Palmer";13161040;"18S";"";"CCCATGGTGCTCTTAACTGAGCGTTTTGGGTGGCCGGAACGTTTACTTTGAAGAAATTAGAGTGTTCAAAGCAGGCTTGTGGGCCTGAATAATGGTGCATGGAATAATGGAATAGGACCTCGGTTCTATTTTGCTGGTTTTCGGAACACGAGGTAATGATTAAGAGGGACAGACGGGGGCATCCGTATTGCGGTGTTAGAGGTGAAATTCTTGGATCATCGCAAGACGAACTACTGCGAAAGCATTTGCCAAGAATGTTTTCATTAGTCAAGAACGAAAGTCAGAGGTTCGAAGACGATCAGATACCGTCGTAGTTCTGACCATAAACGATGCCAACTAGCGATCCGCTGGTGTTGCTTCATCGACTCTGCGGGCAGCTTACGGGAAACCAAAGTCTTTGGGTTCCGGGGGAAGTATGGTTGCAAAGCTGAAACTTAAAGGAATTGACGGAAGGGCACCACCAGGAGTGGAGCCTGCGGCTTAATTTGACTCAACACGGGAAAACTCACCCGGTCCGGACACTGTAAGGATTGACAGATTGAGAGCTCTTTCTTGATTCGGTGGGTGGTGGTGCATGGCCGTTCTTAGTTGGTGGAGCGATTTGTCTGGTTAATTCCGATAACGAACGAGACTCTAGCCTACTAAATAGTTCGTCGATCCATTTTGCGTCGACGTCAACTTCTTAGAGGGACAAGTGGCGTATAGTCACACGAGATTGAGCAATAACAGGTCTGTGATGCCCTTAGATGTCCGGGGCCGCACGCGCGCTACACTGAAGGAATCAGCGTGGCTTTCTCCCTGGTTCGAGAGAATTGGGAAACCCGTTGAATCTCCTTCGTGATAGGGATTGGGGCTTGAAATTCTTCCCCATGAACGAGGAATTCCCAGTAAGCGCGAGTCATAAGCTCGCGTTGATTACGT";"11598804|11598805";"e4012526839_Atl_les_DW008_18S_B-G07_M13F-18S-KP-F_M13R-1800R_M13R-pUC_W180331247.ab1|e4012526839_Atl_les_DW008_18S-B-G07_M13F-18S-KP-F_M13R-1800R_M13-FP_X180331247.ab1";"http://trace.boldsystems.org/traceIO/bold.org/13417910|http://trace.boldsystems.org/traceIO/bold.org/13417911";"2018-02-02 23:54:52|2018-02-02 23:03:49";"Naturalis Biodiversity Centre|Naturalis Biodiversity Centre";"R|F";"1800mod|18S-KP-F";"18S|18S";921;FALSE
"7324";"ATCP362-19";"Psou_AMT24_06_01.duplicate";10403137;"4010128360";"";"Naturalis Biodiversity Centre";NA;"";23;"Mollusca";92;"Gastropoda";208508;"Littorinimorpha";85053;"Atlantidae";NA;"";766855;"Protatlanta";766857;"Protatlanta souleyeti";NA;"";"Deborah Wall-Palmer";"";"";NA;"";"";NA;"";NA;NA;NA;"";"";"";"";"";"";"";NA;NA;"";"";31,3;-27,728;NA;NA;NA;NA;NA;NA;"Atlantic Ocean";"";"";"";"AMT24_06";"";"";"";"";"";"";"";"";"";13151562;"18S";"";"CCCATGGTGCTCTTAACTGAGCGTTTTGGGTGGCCGGAACGTTTACTTTGAAGAAATTAGAGTGTTCAAAGCAGGCTTGTGGGCCTGAATAATGGTGCATGGAATAATGGAATAGGACCTCGGTTCTATTTTGCTGGTTTTCGGAACACGAGGTAATGATTAAGAGGGACAGACGGGGGCATCCGTATTGCGGTGTTAGAGGTGAAATTCTTGGATCATCGCAAGACGAACTACTGCGAAAGCATTTGCCAAGAATGTTTTCATTAGTCAAGAACGAAAGTCAGAGGTTCGAAGACGATCAGATACCGTCGTAGTTCTGACCATAAACGATGCCAACTAGCGATCCGCTGGTGTTGCTTCATCGACTCTGCGGGCAGCTTACGGGAAACCAAAGTCTTTGGGTTCCGGGGGAAGTATGGTTGCAAAGCTGAAACTTAAAGGAATTGACGGAAGGGCACCACCAGGAGTGGAGCCTGCGGCTTAATTTGACTCAACACGGGAAAACTCACCCGGTCCGGACACTGTAAGGATTGACAGATTGAGAGCTCTTTCTTGATTCGGTGGGTGGTGGTGCATGGCCGTTCTTAGTTGGTGGAGCGATTTGTCTGGTTAATTCCGATAACGAACGAGACTCTAGCCTACTAAATAGTTCGTCGATCCATTTTGCGTCGACGTCAACTTCTTAGAGGGACAAGTGGCGTATAGTCACACGAGATTGAGCAATAACAGGTCTGTGATGCCCTTAGATGTCCGGGGCCGCACGCGCGCTACACTGAAGGAATCAGCGTGGCTTTCTCCCTGGTTCGAGAGAATTGGGAAACCCGTTGAATCTCCTTCGTGATAGGGATTGGGGCTTGAAATTCTTCCCCATGAACGAGGAATTCCCAGTAAGCGCGAGTCATAAGCTCGCGTTGATTACGT";"11599317|11599318";"e4010128360_P00_sou_DW010_18S_B-B04_M13F-18S-KP-F_M13R-1800R_M13R-pUC_Y180461122.ab1|e4010128360_P00_sou_DW010_18S_B-B04_M13F-18S-KP-F_M13R-1800R_M13-FP_Y180461026.ab1";"http://trace.boldsystems.org/traceIO/bold.org/13418423|http://trace.boldsystems.org/traceIO/bold.org/13418424";"2018-02-16 00:58:31|2018-02-15 23:01:08";"Naturalis Biodiversity Centre|Naturalis Biodiversity Centre";"R|F";"1800mod|18S-KP-F";"18S|18S";921;FALSE
"7325";"ATCP391-19";"Psou_AMT24_25A_01.duplicate";10403166;"4010128362";"";"Naturalis Biodiversity Centre";NA;"";23;"Mollusca";92;"Gastropoda";208508;"Littorinimorpha";85053;"Atlantidae";NA;"";766855;"Protatlanta";766857;"Protatlanta souleyeti";NA;"";"Deborah Wall-Palmer";"";"";NA;"";"";NA;"";NA;NA;NA;"";"";"";"";"";"";"";NA;NA;"";"";-34,185;-27,207;NA;NA;NA;NA;NA;NA;"Atlantic Ocean";"";"";"";"AMT24_25A";"";"";"";"";"";"";"";"";"";13151569;"18S";"";"CCCATGGTGCTCTTAACTGAGCGTTTTGGGTGGCCGGAACGTTTACTTTGAAGAAATTAGAGTGTTCAAAGCAGGCTTGTGGGCCTGAATAATGGTGCATGGAATAATGGAATAGGACCTCGGTTCTATTTTGCTGGTTTTCGGAACACGAGGTAATGATTAAGAGGGACAGACGGGGGCATCCGTATTGCGGTGTTAGAGGTGAAATTCTTGGATCATCGCAAGACGAACTACTGCGAAAGCATTTGCCAAGAATGTTTTCATTAGTCAAGAACGAAAGTCAGAGGTTCGAAGACGATCAGATACCGTCGTAGTTCTGACCATAAACGATGCCAACTAGCGATCCGCTGGTGTTGCTTCATCGACTCTGCGGGCAGCTTACGGGAAACCAAAGTCTTTGGGTTCCGGGGGAAGTATGGTTGCAAAGCTGAAACTTAAAGGAATTGACGGAAGGGCACCACCAGGAGTGGAGCCTGCGGCTTAATTTGACTCAACACGGGAAAACTCACCCGGTCCGGACACTGTAAGGATTGACAGATTGAGAGCTCTTTCTTGATTCGGTGGGTGGTGGTGCATGGCCGTTCTTAGTTGGTGGAGCGATTTGTCTGGTTAATTCCGATAACGAACGAGACTCTAGCCTACTAAATAGTTCGTCGATCCATTTTGCGTCGACGTCAACTTCTTAGAGGGACAAGTGGCGTATAGTCACACGAGATTGAGCAATAACAGGTCTGTGATGCCCTTAGATGTCCGGGGCCGCACGCGCGCTACACTGAAGGAATCAGCGTGGCTTTCTCCCTGGTTCGAGAGAATTGGGAAACCCGTTGAATCTCCTTCGTGATAGGGATTGGGGCTTGAAATTCTTCCCCATGAACGAGGAATTCCCAGTAAGCGCGAGTCATAAGCTCGCGTTGATTACGT";"11599315|11599316";"e4010128362_P00_sou_DW010_18S_B-C04_M13F-18S-KP-F_M13R-1800R_M13R-pUC_Y180461123.ab1|e4010128362_P00_sou_DW010_18S_B-C04_M13F-18S-KP-F_M13R-1800R_M13-FP_Y180461027.ab1";"http://trace.boldsystems.org/traceIO/bold.org/13418421|http://trace.boldsystems.org/traceIO/bold.org/13418422";"2018-02-16 00:58:31|2018-02-15 23:01:08";"Naturalis Biodiversity Centre|Naturalis Biodiversity Centre";"R|F";"1800mod|18S-KP-F";"18S|18S";921;FALSE
